Disease,Question,Model,Architecture,Architecture detail,Core formula,Year,Discrimination (AUC / C-index),Runs on EHR data?,Developed on,Public repository,Reference,Where the equation sits,Verified?,How it was verified,Re-run the check,Top predictor,Reference data captured by,Fixture,Where the equation came from,Citation,How hard it was to get,Parameters,Scope / caveats,Our code
Breast cancer,Prediction,"BCSC v3 (Breast Cancer Surveillance Consortium 5- and 10-year risk)
[code and data retrieved (public download, no password needed), awaiting a licence determination] 
Interim: BCRAT / Gail model (absolute invasive breast cancer risk) (1989)",Logistic regression,"Relative risks fitted by conditional logistic regression, applied to race-specific baseline hazards and integrated year by year over the age interval against competing all-cause mortality, which is what converts them into an absolute risk.","A(t₁,t₂) = Σₐ [h₁(a) / (h₁(a)+h₂(a))] · e^(−Λ(a)) · [1 − e^(−(h₁(a)+h₂(a)))]

  h₁(a)  breast-cancer hazard  = RR(a) × race-specific baseline
  h₂(a)  competing all-cause mortality hazard
  Λ(a)   cumulative hazard up to age a
  a      runs year by year from t₁ to t₂",1989,"Concordance 0.58 (95% CI 0.56-0.60) for 5-year risk in the Nurses' Health Study. Calibration is the model's strength, not discrimination, expected/observed 0.94 (0.89-0.99) in the same validation","No, needs questionnaire or patient-reported items. Age at menarche, age at first live birth, number of first-degree relatives with breast cancer and number of prior biopsies, a reproductive and family history interview.",not recorded yet,https://cran.r-project.org/package=BCRA,"Gail, M. H., Brinton, L. A., Byar, D. P., Corle, D. K., Green, S. B., Schairer, C., & Mulvihill, J. J. (1989). Projecting individualized probabilities of developing breast cancer for white females who are being examined annually. Journal of the National Cancer Institute, 81(24), 1879-86. https://doi.org/10.1093/jnci/81.24.1879","Not a single printed equation. The relative-risk and baseline-hazard tables (SEER incidence, NCHS mortality) and the year-by-year competing-risk integration are as shipped in the CRAN package BCRA; the integration follows its absolute.risk.R.",Yes,CHECKED 2026-08-05 against CRAN BCRA 4 cases via absolute.risk(); worst absolute difference 3.7e-07 percentage points,pytest tests/parity/test_r_reference_parity.py::test_bcrat_matches_cran_bcra,first-degree relatives,tests/parity/reference/bcrat_reference.R,,"NCI DCEG BCRAT algorithm; relative-risk and baseline-hazard (SEER incidence + NCHS mortality) tables as shipped in the CRAN package BCRA, absolute-risk integration follows its absolute.risk.R",Gail MH et al. J Natl Cancer Inst. 1989; NCI DCEG BCRAT algorithm,public code,not counted,"Six published Asian-American subgroups collapsed to a single 'asian' stratum using Chinese SEER rates as proxy, a deliberate simplification, documented in the module. Do not use for a specific Asian subgroup without restoring its own hazard vector.",cancerverse_baseline.breast.detection.bcrat
Breast cancer,Prediction,"BCSC v2.0 (Tice 2015, adds benign breast disease and a ten-year horizon)
[source gated behind a download-request form; article not open access] 
Interim: BCSC breast density model (Tice 2008, the BCSC calculator's version 1.0, 5-year risk) (2008)",Competing-risk absolute-risk model,"Third-order polynomial baseline invasive-incidence and exponential non-breast-cancer mortality, both by race/ethnicity, combined by a year-by-year competing-risk recursion into a race-specific 5-year risk; that risk is then standardized to the BI-RADS-2 reference density using age- and race-specific adjustment factors, multiplied by the woman's own density category's relative hazard, and (if known) by simple family-history and breast-biopsy multipliers.","I(x,r) = a_r·x³+b_r·x²+c_r·x+d_r   (annual incidence, % )
  D(x,r) = n_r·e^(m_r·x)      (annual non-BC mortality, % )
  P(x,r): P(a,r)=1; P(x,r) = P(x-1,r) − I(x-1,r) − D(x-1,r)
  AR_r = Σ_{x=a}^{a+4} I(x,r)·P(x,r)              (race-specific 5y risk)

  risk = AR_r × adjustment[r,age_band] × density_RH[age<65][density]
         × family_history_mult (if known) × biopsy_mult (if known)",2008,"Concordance statistic 0.66 (95% CI 0.65-0.67) in the validation sample; age-adjusted c-statistic 0.622 (Table 4 / Results, the paper's own reported figures)","Yes, routine EHR fields. Age, race/ethnicity and BI-RADS breast density are already structured fields at a screening mammography site; family history and biopsy history are commonly captured but sometimes unknown, in which case the model skips that multiplier rather than imputing an average (the paper's own rule).","1,095,484 women age 35 or older across 7 BCSC mammography registries, 14,766 invasive breast cancers over a median 5.3 years of follow-up. Baselines fitted to 1998-2002 SEER incidence and 2002 US Vital Statistics. Read directly from the PDF, 2026-08-17.",https://tools.bcsc-scc.ucdavis.edu/BC5yearRisk_V2/sourcecode.htm,"Tice, J. A., Cummings, S. R., Smith-Bindman, R., Ichikawa, L., Barlow, W. E., & Kerlikowske, K. (2008). Using Clinical Factors and Mammographic Breast Density to Estimate Breast Cancer Risk: Development and Validation of a New Predictive Model. Annals of Internal Medicine, 148(5), 337-347. https://doi.org/10.7326/0003-4819-148-5-200803040-00004","Appendix Figure, ""The Breast Cancer Surveillance Consortium breast density model algorithm"" (NIH Public Access manuscript pages 9-10): I(x,r) and D(x,r) polynomial/exponential tables, the P(x,r) recursion, the density relative-hazard table, and the age/race density-adjustment table. The family-history and biopsy-history multipliers are stated in prose in the paragraph beneath that table, not in a numbered display.",No,"There is no independent reference implementation to check this against, the BCSC's own SAS macro that deploys this exact algorithm is behind the same password-gated request as the 2015/2024 updates (see `blocker` below)",pytest tests/test_breast_detection_bcsc_v2.py,density,,,"Every coefficient comes from the paper's own ""Appendix Figure. The Breast Cancer Surveillance Consortium breast density model algorithm"", a fully closed-form algorithm with no external source needed, unlike every other candidate considered for this cell.","Tice JA, Cummings SR, Smith-Bindman R, et al. Using Clinical Factors and Mammographic Breast Density to Estimate Breast Cancer Risk. Ann Intern Med. 2008;148(5):337-347",public code,not counted,,cancerverse_baseline.breast.detection.bcsc_v2
Breast cancer,Response,"PREDICT Breast v2.2, adjuvant treatment benefit",Survival (parametric),"The same parametric survival model evaluated twice, treated and untreated; the difference in survival IS the predicted absolute treatment benefit.","benefit(t) = S_treated(t) − S_untreated(t)

  the same survival model evaluated twice; the difference IS the
  predicted absolute treatment benefit",2017,"AUC for 10-year breast-cancer-specific mortality, PREDICT v2 (the version implemented here): combined external validation 0.752 all cases, 0.760 ER-positive, 0.696 ER-negative. Model-fitting cohort 0.805. Range across the four validation sets 0.632-0.805","Partly, needs pathology, imaging or a send-out assay. Same fields as the prognosis model, which it runs twice.","East Anglia cancer registry cohort, refitted with updated survival time; fit tested in three independent datasets",https://github.com/WintonCentre/predictv30r,"Candido Dos Reis, F. J., Wishart, G. C., Dicks, E. M., Greenberg, D., Rashbass, J., Schmidt, M. K., van den Broek, A. J., Ellis, I. O., Green, A., Rakha, E., Maishman, T., Eccles, D. M., & Pharoah, P. D. P. (2017). An updated PREDICT breast cancer prognostication and treatment benefit prediction model with independent validation. Breast Cancer Research, 19(1), 58. https://doi.org/10.1186/s13058-017-0852-3","Same source as predict_breast (WintonCentre/predictv30r, R/benefits22.R). Absolute benefit is that model evaluated twice, so there is no separate published equation for the response cell.",Yes,"CHECKED 2026-08-05, same model and same R comparison as predict_breast.",pytest tests/parity/test_r_reference_parity.py::test_predict_treatment_benefit_er_positive_10y,chemotherapy generation and ER status,tests/parity/reference/predict_reference.R,,"same model as predict_breast, absolute benefit is the difference in cumulative all-cause mortality with vs without the specified adjuvant regimen (chemotherapy generation, endocrine, trastuzumab, bisphosphonate)",Candido dos Reis FJ et al. Breast Cancer Res. 2017;19(1):58,public code,not counted,one model occupies two cells; the response cell re-exports the prognosis module rather than duplicating the equation,cancerverse_baseline.breast.response
Breast cancer,Prognosis,PREDICT Breast v2.2 (prognosis + adjuvant treatment benefit),Survival (parametric),"Parametric survival model with a closed-form log-cumulative-hazard in time, plus additive treatment log-hazard-ratios, one per therapy arm.","S(t) = exp( −H₀(t) · e^PI )

  PI    = Σ βᵢxᵢ  +  Σ log(HR) over the treatments given
  H₀(t) closed form in t, separately for ER+ and ER−",2017,"AUC for 10-year breast-cancer-specific mortality, PREDICT v2 (the version implemented here): combined external validation 0.752 all cases, 0.760 ER-positive, 0.696 ER-negative. Model-fitting cohort 0.805. Range across the four validation sets 0.632-0.805","Partly, needs pathology, imaging or a send-out assay. Tumour size, node count, grade, ER, HER2 and Ki-67 from pathology, plus which adjuvant treatments were given.","East Anglia cancer registry cohort, refitted with updated survival time; fit tested in three independent datasets",https://github.com/WintonCentre/predictv30r,"Candido Dos Reis, F. J., Wishart, G. C., Dicks, E. M., Greenberg, D., Rashbass, J., Schmidt, M. K., van den Broek, A. J., Ellis, I. O., Green, A., Rakha, E., Maishman, T., Eccles, D. M., & Pharoah, P. D. P. (2017). An updated PREDICT breast cancer prognostication and treatment benefit prediction model with independent validation. Breast Cancer Research, 19(1), 58. https://doi.org/10.1186/s13058-017-0852-3","NOT IN THE PAPER as a closed form. Taken from the MIT-licensed reference implementation WintonCentre/predictv30r, R/benefits22.R, note this is the UNEXPORTED overall-survival function; the exported benefits222 computes disease-free survival and is a different model.",Yes,CHECKED 2026-08-05 against predictv30r:::benefits22 (the UNEXPORTED overall-survival function; the exported benefits222 computes disease-free survival and must not be used),pytest tests/parity/test_r_reference_parity.py::test_predict_untreated_survival_er_positive,"tumour size, nodes and grade, then treatment",tests/parity/reference/predict_reference.R,,"MIT-licensed reference implementation WintonCentre/predictv30r, R/benefits22.R, two prognostic indices with ER-stratified fractional polynomials, two published cumulative baseline hazards, additive treatment log-HRs, and year-by-year competing-risk integration","Candido dos Reis FJ et al. Breast Cancer Res. 2017;19(1):58; model by Paul Pharoah, University of Cambridge",public code,not counted,v2.2. Radiotherapy terms are present but gated off in the reference (r.enabled = 0) and we mirror that exactly rather than enabling a pathway the reference disables. v3.x not implemented.,cancerverse_baseline.breast.prognosis.predict
Cardiovascular disease,Prediction,"AHA PREVENT, all 5 variants (base/uacr/hba1c/sdi/full) x 10y/30y x 5 outcomes",Logistic regression,Sex-specific logistic regressions with age-centred predictors and interaction terms; 100 fixed coefficient sets (5 variants x 2 horizons x 5 outcomes x 2 sexes).,"logit(p) = Σ βᵢxᵢ

  one of 100 coefficient sets:
    5 variants × 2 horizons × 5 outcomes × 2 sexes
  continuous predictors are age-centred; several enter as interactions",2024,"C-statistic 0.794 (women) and 0.757 (men) for CVD, external validation","Yes, routine EHR fields. Age, sex, lipids, blood pressure, eGFR, BMI and coded diabetes, smoking and medication. The three extended predictors (UACR, HbA1c, deprivation index) are optional and select a variant.","25 datasets, 3,281,919 individuals (AHA PREVENT development)., this said ""46 datasets"", conflating the development-only count with the combined development (25) + validation (21) = 46 datasets the paper's abstract reports for the whole study. The abstract ties 3,281,919 individuals specifically to the 25 development datasets.",https://github.com/martingmayer/preventr,"Khan, S. S., Matsushita, K., Sang, Y., Ballew, S. H., Grams, M. E., Surapaneni, A., Blaha, M. J., Carson, A. P., Chang, A. R., Ciemins, E., Go, A. S., Gutierrez, O. M., Hwang, S. J., Jassal, S. K., Kovesdy, C. P., Lloyd-Jones, D. M., Shlipak, M. G., Palaniappan, L. P., Sperling, L., . . . Chronic Kidney Disease Prognosis Consortium and the American Heart Association Cardiovascular-Kidney-Metabolic Science Advisory Group (2024). Development and Validation of the American Heart Association's PREVENT Equations. Circulation, 149(6), 430-449. https://doi.org/10.1161/CIRCULATIONAHA.123.067626","TWO supplement files, with two separate table series, this is the part that was wrong. The coefficients are NOT in the appendix. They are in NIHMS1953934-supplement-Supplemental_Tables.xlsx, Tables S12.A-S12.J: ""Example calculations and Regression coefficients for 10 year (A-E) and 30 year (F-J) cardiovascular risks models - PREVENT base model (A,F); Enhanced for ACR (B,G); Enhanced for HbA1c (C,H); Enhanced for SDI (D,I); Enhanced for all novel variables (E,J)"". The base 10-year total-CVD coefficients are on sheet ""Table S12A Base 10yr"". The authors confirm the count verbatim: ""5 CVD outcomes * 2 sexes * 5 variations of input variables * 2 time periods of 10 year and 30 years = 100 columns of coefficients"". Table S25 does exist and is the base 10-year worked example, but it lives in the OTHER file, NIHMS1953934-supplement-Supplemental_Appendices_and_Figure.docx, under Supplementary Appendix 4 ""Detailed example applying the simplified PREVENT models"", beside Table S24 ""Algebra for 10-Year Equations Calculation"". Cite the file as well as the table number: a base 10-year worked example with identical inputs appears BOTH as Table S12.A in the xlsx and as Table S25 in the docx.",Yes,matched applies directly to the base 10-year model (Table S25 / Table S12.A),pytest tests/parity/test_canonical_parity.py::test_prevent_supplemental_table_s25_vignette,age,,,"Khan et al. Circulation 2024, supplemental material, this used to say ""supplemental appendix"", which equation_location.where already flags as wrong: the 100 coefficient sets are NOT in the appendix, they are in NIHMS1953934-supplement-Supplemental_Tables.xlsx (Tables S12.A-S12.J), a separate file from the appendix docx that carries the worked example (Table S25). See equation_location for the full two-file breakdown.",Khan SS et al. Circulation. 2024;149(6):430-449,public code,2670,all published PREVENT variants and horizons are implemented; no scope gap remains,cancerverse_baseline.cvd.detection.prevent
Cardiovascular disease,Prediction,ESC SCORE2,Survival (Cox),"Cox proportional hazards: 1 - S0^exp(sum of beta*x), followed by a region-specific recalibration on the complementary log-log scale.","risk_uncal = 1 − S₀^exp(Σβx)

  risk       = 1 − exp( −exp( a + b · ln(−ln(1 − risk_uncal)) ) )
  a, b       region-specific recalibration constants (4 ESC risk regions)",2021,we have not read this from the paper yet,"Yes, routine EHR fields. Age, sex, blood pressure, cholesterol, smoking status, plus the ESC risk region, which is a property of the site rather than the patient.",not recorded yet,https://cran.r-project.org/package=RiskScorescvd,"SCORE2 working group and ESC Cardiovascular risk collaboration (2021). SCORE2 risk prediction algorithms: new models to estimate 10-year risk of cardiovascular disease in Europe. European Heart Journal, 42(25), 2439-2454. https://doi.org/10.1093/eurheartj/ehab309","Not in the main text: the article says 'Details of statistical analysis are provided in Supplementary material online, Methods', and the coefficients, baseline survival and the four risk-region recalibration constants live there rather than in a numbered main table.",Yes,"CHECKED 2026-08-05 against CRAN RiskScorescvd::SCORE2 (MIT) across all four ESC risk regions; agreement within that package's own 1-decimal rounding (it ends in round(x,1))",pytest tests/parity/test_r_reference_parity.py::test_score2_matches_riskscorescvd,age,tests/parity/reference/score2_reference.R,,Eur Heart J 2021; Hageman comment 4 d.p. coeff + recalibration table,SCORE2 working group. Eur Heart J. 2021,public code,not counted,,cancerverse_baseline.cvd.detection.score2
Cardiovascular disease,Response,LDL-lowering absolute benefit (DERIVED: CTT trial effect x a baseline risk),Derived composition,"Not a fitted model. A published trial rate ratio raised to the LDL reduction and applied multiplicatively to a baseline absolute risk from another model, yielding absolute risk reduction and number needed to treat.","ARR = baseline_risk × ( 1 − RR^ΔLDL )

  NNT = 1 / ARR
  RR  = 0.78 per 1.0 mmol/L LDL-C reduction   (CTT 2010)
        0.90 for all-cause mortality
  baseline_risk comes from a separate, verified model",2010,"n/a - this model does not rank patients, so it has no AUC. Its discrimination is whatever the upstream risk model supplies (PREVENT 0.794/0.757, or SCORE2)","Yes, routine EHR fields. Takes another model's output plus an intended LDL reduction; no patient fields of its own.","CTT 2010: 26 randomised trials, 169,138 participants, median follow-up 4.8-5.1 years",,"Cholesterol Treatment Trialists’ (CTT) Collaboration, Baigent, C., Blackwell, L., Emberson, J., Holland, L. E., Reith, C., Bhala, N., Peto, R., Barnes, E. H., Keech, A., Simes, J., & Collins, R. (2010). Efficacy and safety of more intensive lowering of LDL cholesterol: a meta-analysis of data from 170,000 participants in 26 randomised trials. Lancet (London, England), 376(9753), 1670-81. https://doi.org/10.1016/S0140-6736(10)61350-5","There is no source paper for this model because it is not a published prediction model, it is a composition this project defined from two published quantities (a CTT 2010 rate ratio and a separately verified baseline risk). The rate ratio's location in CTT 2010 is the only paper citation that applies.",No,"NOT VERIFIABLE BY COMPARISON, and deliberately not claimed to be",pytest tests/test_cvd_response_statin_benefit.py::test_rate_ratios_are_the_published_ctt_values,,,,"NOT a published prediction model. A composition of two published quantities: the CTT 2010 rate ratio per 1.0 mmol/L LDL-C reduction (major vascular events RR 0.78, 95% CI 0.76-0.80; all-cause mortality RR 0.90, 0.87-0.93, read verbatim from the abstract, PMID 21067804) applied to an untreated absolute risk supplied by a separate, verified model. ARR = baseline x (1 - RR^delta_LDL); NNT = 1/ARR.",Cholesterol Treatment Trialists' Collaboration. Lancet. 2010;376(9753):1670-1681,paper only,6,"The horizon and endpoint are whatever the baseline risk model's were, this function takes the baseline risk as an argument rather than computing it, so that stays visible. Four assumptions travel with every result: constant proportional effect across baseline risk (which is what CTT reports), a ~5-year trial effect carried to a 10-year horizon, CTT's major-vascular-events endpoint approximating the baseline model's endpoint, and a confidence interval covering the trial effect only, not baseline uncertainty.",cancerverse_baseline.cvd.response.statin_benefit
Cardiovascular disease,Prognosis,GRACE 2003 in-hospital mortality score (acute coronary syndromes),Points table,Points nomogram: each of 8 predictors is banded and mapped to integer points; the total indexes a published mortality table.,"total = Σ points( Killip, SBP, heart rate, age, creatinine,
                  cardiac arrest, ST deviation, cardiac enzymes )

  total → published in-hospital mortality, by lookup",2003,"C-statistic 0.83 derivation, 0.84 confirmation GRACE, 0.79 GUSTO-IIb","Yes, routine EHR fields. Everything an acute coronary syndrome admission already documents: vitals, creatinine, troponin, and the ECG and Killip assessment from the admission note.",not recorded yet,,"Granger, C. B., Goldberg, R. J., Dabbous, O., Pieper, K. S., Eagle, K. A., Cannon, C. P., Van De Werf, F., Avezum, A., Goodman, S. G., Flather, M. D., Fox, K. A. A., & Global Registry of Acute Coronary Events Investigators (2003). Predictors of hospital mortality in the global registry of acute coronary events. Archives of Internal Medicine, 163(19), 2345-53. https://doi.org/10.1001/archinte.163.19.2345","Figure 4. ONE figure, not two items. Caption: ""Global Registry of Acute Coronary Events risk model nomogram. Killip class is described in the 'End Point and Clinical Definitions' subsection of the 'Methods' section. SBP indicates systolic blood pressure. To convert serum creatinine level to micromoles per liter, multiply by 88.4."" It carries three numbered steps: the per-predictor point tables (Killip, SBP, heart rate, age, creatinine, plus an ""Other Risk Factors"" box giving cardiac arrest at admission 39, ST-segment deviation 28, elevated cardiac enzymes 14); the instruction to sum; and step 3, the total-points to in-hospital-death lookup running from <=60 (<=0.2%) to >=250 (>=52%). Two worked examples are inside the figure (196 -> ~16%, 103 -> ~0.9%). Results section ""Predictors of mortality"".",Yes,both published worked examples reproduce component-by-component,pytest tests/parity/test_canonical_parity.py::test_grace_published_worked_examples,age,,,"Arch Intern Med 2003;163(19):2345-2353, Figure 4 nomogram, 8 predictors (Killip class, SBP, heart rate, age, creatinine, cardiac arrest at admission, ST-segment deviation, elevated enzymes) plus the points -> in-hospital mortality lookup","Granger CB, Goldberg RJ, Dabbous O, et al. Arch Intern Med. 2003;163(19):2345-2353",paper only,not counted,"GRACE 2003 IN-HOSPITAL mortality only. Not the Fox BMJ 2006 6-month post-discharge score, and not GRACE 2.0 (which replaced the points with a non-linear model). Guidelines citing GRACE 2.0 expect different numbers.",cancerverse_baseline.cvd.prognosis.grace
Cardiovascular disease,Prognosis,"Interpretable LR model for stroke in newly diagnosed atrial fibrillation
[one missing constant] 
Interim: CHA2DS2-VASc (stroke risk in atrial fibrillation) (2010)",Points table,"Additive integer point score (0-9): one or two points per clinical feature, summed.","score = C + H + 2·A₂ + D + 2·S₂ + V + A + Sc      (0–9)

  C  congestive heart failure      S₂ prior stroke / TIA        (2 points)
  H  hypertension                  V  vascular disease
  A₂ age ≥ 75                      A  age 65–74
  D  diabetes                      Sc female sex",2010,"C-statistic 0.606, modest, and lower than several alternatives","Yes, routine EHR fields. Age, sex and five coded diagnoses.",not recorded yet,,"Lip, G. Y. H., Nieuwlaat, R., Pisters, R., Lane, D. A., & Crijns, H. J. G. M. (2010). Refining clinical risk stratification for predicting stroke and thromboembolism in atrial fibrillation using a novel risk factor-based approach: the euro heart survey on atrial fibrillation. Chest, 137(2), 263-72. https://doi.org/10.1378/chest.09-1584","TABLE 2, page 266, captioned 'The 2009 Birmingham Schema Expressed as a Point-Based Scoring System, With the Acronym CHA2DS2-VASc'. Two columns, Risk Factor and Score, eight rows. Table 6 (page 268) carries the observed 1-year TE rate for each score 0-9 in this cohort; that rate table is deliberately not shipped, see equation_source.",Yes,"CHECKED 2026-08-05 against MDCalc's published point schema: age <65/65-74/>=75 = 0/1/2, female 1, CHF 1, hypertension 1, stroke 2, vascular 1, diabetes 1",pytest tests/parity/test_r_reference_parity.py::test_cha2ds2_vasc_point_table_matches_mdcalc,age,tests/parity/reference/mdcalc_extract.py,,"Chest 2010;137(2):263-272, TABLE 2 (page 266). CHF/LV dysfunction 1, hypertension 1, age>=75 2, diabetes 1, stroke/TIA/TE 2, vascular disease 1, age 65-74 1, sex category (female) 1; total 0-9. PROVENANCE, and its history, because this is the flagship of its cell. The eight values were originally taken from MDCalc's `__NEXT_DATA__` blob by tests/parity/reference/mdcalc_extract.py, a secondary source, because the article is paywalled. That was corroboration, not proof, and was recorded as such. On 2026-08-14 Table 2 was read directly: all eight values agree exactly. The provenance is now primary, and the MDCalc route stands as an independent second source rather than as the only one. Table 6 gives the observed 1-year TE rate per score in the Euro Heart Survey cohort (0% at score 0 rising to 100% at score 9, n=1 at that score). It is NOT shipped: later cohorts report materially different rates for the same score, and one cohort's rates are not the score's rates. `risk` is None by design and the model returns a guideline-level category instead.",Lip GYH et al. Chest. 2010;137(2):263-272,web calculator only,9,"HAS-BLED and MAGGIC are catalogued separately, not implemented",cancerverse_baseline.cvd.prognosis.cha2ds2_vasc
Cardiovascular disease,Prognosis,ATRIA stroke risk score (atrial fibrillation),Points table,"Additive integer point score with one interaction: age is scored from a different column depending on prior stroke, so age and prior stroke are not separable terms.","score = age_points(age, prior_stroke) + F + D + CHF + H + P + R

  age_points   >=85    75-84   65-74    <65
    no stroke    6       5       3        0
    prior stroke 9       7       7        8

  F female   D diabetes   CHF heart failure
  H hypertension   P proteinuria   R eGFR<45 or ESRD     (each 1 point)",2013,"C-statistic 0.73 (95% CI 0.71-0.75) vs 0.70 for CHA2DS2-VASc and 0.69 for CHADS2, all three scored in the same ATRIA cohort","Yes, routine EHR fields. Every predictor CHA2DS2-VASc already uses (age, sex, diabetes, CHF, hypertension, prior stroke), plus two more, proteinuria (a urinalysis flag) and eGFR<45 or ESRD (routine chemistry). Neither is an exotic biomarker; both are already covered by egfr and a coded urinalysis result in the target platform crosswalk.",not recorded yet,,"Singer, D. E., Chang, Y., Borowsky, L. H., Fang, M. C., Pomernacki, N. K., Udaltsova, N., Reynolds, K., & Go, A. S. (2013). A new risk scheme to predict ischemic stroke and other thromboembolism in atrial fibrillation: the ATRIA study stroke risk score. Journal of the American Heart Association, 2(3), e000250. https://doi.org/10.1161/JAHA.113.000250","Table 3, 'ATRIA Stroke Risk Model Point Scoring System', the two age columns (without and with prior stroke) and the six 1-point rows. Table 4 carries the events, person-years and rate per 100 person-years by score, from which the three-way band comes.",No,RELABELED 2026-08-17 from checked to not_checked,pytest tests/parity/test_r_reference_parity.py::test_atria_point_table_matches_published_table_3,prior stroke,,,"Table 3, PMC3698792 (CC BY-NC). An additive integer point table, same architecture family as CHA2DS2-VASc, no missing constant, nothing to ask an author for. READ 2026-08-14: age is scored 0/3/5/6 (<65/65-74/75-84/>=85) with NO prior stroke, and 8/7/7/9 for the same four age bands WITH a prior stroke, an explicit age x prior-stroke interaction table, not one age term plus a stroke flag. Female, diabetes, CHF, hypertension, proteinuria and eGFR<45-or-ESRD each add 1 point. Two ranges result: 0-12 without prior stroke, 7-15 with it.","Singer DE, Chang Y, Borowsky LH, et al. A new risk scheme to predict ischemic stroke and other thromboembolism in atrial fibrillation, the ATRIA study stroke risk score. J Am Heart Assoc. 2013;2(3):e000250",web calculator only,10,"Anticoagulation decision in atrial fibrillation, the same question CHA2DS2-VASc answers, which is why it is labelled an alternative to it rather than to GRACE.",cancerverse_baseline.cvd.prognosis.atria
Cervical cancer,Prediction,Cervical CIN2+/CIN3+ logistic models (hrHPV + cytology + age),Logistic regression,"Multivariable logistic regression on hrHPV status, cytology grade and age (optionally E6 oncoprotein) to CIN2+/CIN3+ probability.","logit(p) = β₀ + β_hrHPV·hrHPV + β_cytology + β_age·age
             [ + β_E6·E6 + Σ β_genotype ]

  cytology  7 levels, NILM is the reference and carries no term
  variants  base / +E6 / +genotyping / +both",2021,"AUC 0.91 (95% CI 0.88-0.93) for CIN2+, base model, cross-sectional validation set","Partly, needs pathology, imaging or a send-out assay. hrHPV result and cytology grade, optionally HPV genotyping and E6. Available where the screening programme runs, absent otherwise.","Chinese screening population: cross-sectional N=1,915, plus two screening cohorts of 3,179 and 3,082",,"Wu, Z., Li, T., Han, Y., Jiang, M., Yu, Y., Xu, H., Yu, L., Cui, J., Liu, B., Chen, F., Yin, J., Zhang, X., Pan, Q., Qiao, Y., & Chen, W. (2021). Development of models for cervical cancer screening: construction in a cross-sectional population and validation in two screening cohorts in China. BMC Medicine, 19(1), 197. https://doi.org/10.1186/s12916-021-02078-2","Additional file 1, 'Table S1. - Logistic Regression Parameters'. Main text describes the model under Methods, 'Model development'.",Yes,"The paper publishes no worked example, no calibration table and no predicted-vs-observed cross-tabulation (checked)",pytest tests/parity/test_cervical_cin_parity.py::test_every_coefficient_matches_table_s1_exactly,cytology grade,tests/parity/reference/cervical_s1_extract.py,tests/parity/reference/cervical_table_s1.json,"doi:10.1186/s12916-021-02078-2 (open access), Additional file 1 Table S1, four nested logistic models (base / +E6 / +genotyping / full). Base: intercept -3.19059, hrHPV 2.06771, age -0.01935, cytology betas with NILM as reference. this used to say the supplement was retrieved via the PMC mirror after Springer's direct URL 403'd, backwards. PMC's mirror path (PMC8414700) serves an HTML ""Preparing to download"" interstitial in place of the workbook; it is Springer's static-content CDN that serves the real .xlsx. See parity_note, which already had this right, and docs/VERIFICATION.md's ""Supplements hide behind different doors"" note.","Wu Z, Li T, Han Y, et al. BMC Medicine. 2021;19(1):197",paper only,not counted,"Chinese screening population; outcome is CIN2+/CIN3+ at colposcopy, NOT invasive cancer incidence over time. Genotype groups are the paper's pooled sets and are not interchangeable with other groupings.",cancerverse_baseline.cervical.detection.cin_risk
Cervical cancer,Response,"Moore criteria, response to cisplatin-based chemotherapy, advanced/recurrent/metastatic cervical carcinoma (GOG)",Points table,"Count of five binary risk factors (race, performance status, disease site, prior radiosensitizer, recurrence timing), each independently significant on multivariable analysis and explicitly NOT weighted by its odds ratio; banded 0-1 / 2-3 / 4-5 and reported against a published three-cell lookup of response rate and median PFS/OS in a development and an external cohort.","count = number of 5 binary factors present (race, PS>0, pelvic site, prior
        radiosensitizer, recurrence <=1yr from diagnosis). NOT a weighted sum
  band  = low 0-1 | mid 2-3 | high 4-5
  output = that band's published response rate and median PFS/OS,
           development cohort AND external (GOG 149) validation cohort

No intercept exists for the underlying logistic model and none is needed:
the published deliverable is the count and its three-cell outcome table.
`risk` is None, this is a lookup, not a fitted probability.",2010,"n/a as a c-index - no AUC or concordance is reported. Evidence is calibration plus separation, in an EXTERNAL cohort: predicted/observed response 50.9/42.6% low, 29.0/29.4% mid, 13.5/14.3% high risk (GOG 149, n=280), with median OS 11.93 / 7.59 / 5.58 months. Hosmer-Lemeshow P=0.624 internally","Partly, needs pathology, imaging or a send-out assay. Race, prior radiosensitizer, and the recurrence interval are routine registry/chart fields. Performance status needs a clinician assessment (charted on a flowsheet where recorded) and disease site (pelvic vs. distant vs. combined) needs a staging work-up read from imaging/pathology reports rather than a single coded field. Nothing is a questionnaire or a radiomics feature.","GOG 110 + 169 + 179 pooled: 428 enrolled, 409 with response data, overall response 32% (95% CI 27-36%). External validation: GOG 149 (not used in development). Prospective validation: GOG 240, n=452.",,"Moore, D. H., Tian, C., Monk, B. J., Long, H. J., Omura, G. A., & Bloss, J. D. (2010). Prognostic factors for response to cisplatin-based chemotherapy in advanced cervical carcinoma: A Gynecologic Oncology Group study. Gynecologic Oncology, 116(1), 44-49. https://doi.org/10.1016/j.ygyno.2009.09.006","Table 3, ""Multivariate Analysis of Prognostic Factors of Treatment Response"" (five odds ratios, kept for provenance and never computed from) and Table 4, ""Validation of Prognostic Model"" (the three-band lookup this model returns). The construction rule (""comparable weights and no interactions... a simple prognostic index... combining the number of risk factors"") is in the Results text. Prospective validation numbers are in the Results text of PMC4896296, not a table.",Yes,"Nothing to re-derive: the paper declines to weight the five factors, so the model is a count, and the parity question is whether the lookup reproduces Table 4 exactly rather than whether an equation reproduces a formula",pytest tests/parity/test_moore_criteria_parity.py::test_every_table_4_cell_matches_exactly,race,,,"doi:10.1016/j.ygyno.2009.09.006, read from PMC4470610 on 2026-08-14. Table 3 (""Multivariate Analysis of Prognostic Factors of Treatment Response"") gives five adjusted odds ratios; the paper states outright that these are NOT used as weights (""the five risk factors identified conferred comparable weights and there were no interactions across them, a simple prognostic index was developed by combining the number of risk factors""), so the model is a count 0-5, banded low 0-1 / mid 2-3 / high 4-5. Table 4 (""Validation of Prognostic Model"") gives estimated/observed response rate and median PFS/OS for each band in both the development cohort (GOG 110+169+179, n=428) and the external validation cohort (GOG 149), a complete numeric statement over the entire three-cell output space. Prospective validation as a tertiary endpoint of GOG 240 (n=452) is in Tewari et al, Clin Cancer Res 2015;21(3):579-588, PMC4896296, Results text: low-risk 57% response/21.8mo OS, high-risk 18.5% response/8.2mo OS (mid-risk is Fig. 1 only, not transcribed).",Gynecol Oncol. 2010;116(1):44-49,paper only,5,"Advanced, recurrent, or metastatic cervical carcinoma STARTING cisplatin-based chemotherapy, the GOG 110/169/179/149 population. Answers whether this regimen is likely to produce a response, not overall survival in general and not response to primary chemoradiation for newly diagnosed, non-metastatic disease, which is a different clinical question this model was never fit to. ONE OF THE FIVE INPUTS IS RACE (Black vs. non-Black, per Table 3; the paper's own prose alternates between ""Black"" and ""African-American"" for the same variable). It is a cohort-specific association the authors themselves discuss without resolving between access-to-care and biological explanations, and it is reproduced here as published rather than omitted, on the same basis as pbcg_extended's African- ancestry term, see that entry's scope_note, which documents a race coefficient that FLIPS SIGN between two of its own sub-models, the standing reminder in this library that these terms are cohort-specific and not stable biological constants. The disease-site input collapses a three-level source variable (pelvic / distant / combined) onto the paper's own binary factor (pelvic vs. non-pelvic); the paper never states in prose which side ""combined"" (13.1% of the development cohort) falls on. This module reads the label literally and files combined as non-pelvic, and flags every case where that inference was used.",cancerverse_baseline.cervical.response.moore
Cervical cancer,Prognosis,"ARRM, annual recurrence risk model, cervical cancer after primary surgery (SCCAN)",Points table,"Multivariable Cox model on five surgical-pathology predictors, its coefficients weighted to a 0-100 integer points score, banded into five risk groups, each band reported with the derivation cohort's observed disease-free survival and conditional annual recurrence risk.","score = Σ points(level)   over histotype, diameter, grade, nodes, LVSI

  points = round(β × 100/5.231)          5.231 = Σ largest β per predictor
  band   = 0 | 1-25 | 26-50 | 51-75 | 76-100     zero is its own band
  output = that band's observed KM disease-free survival and its
           CONDITIONAL annual recurrence risk, years 1-5

No baseline survival and no probability: this returns a group statistic,
so `risk` is None by design.",2021,Harrell's C 0.735 (95% CI 0.713; 0.757); ten-fold cross-validated AUC 0.732,"Partly, needs pathology, imaging or a send-out assay. Five fields from the surgical pathology report, histotype, maximal pathologic tumour diameter, grade, number of positive pelvic nodes, lymphovascular space invasion. All are standard synoptic-report elements where one exists, and all are post-operative, so none is available at the point where a treatment decision is being made.","SCCAN (Surveillance in Cervical CANcer) consortium, 4,343 early-stage cervical cancer patients treated 2007-2016 at 20 centres on four continents; 528 recurrences",,"Cibula, D., Dostálek, L., Jarkovsky, J., Mom, C. H., Lopez, A., Falconer, H., Fagotti, A., Ayhan, A., Kim, S. H., Isla Ortiz, D., Klat, J., Obermair, A., Landoni, F., Rodriguez, J., Manchanda, R., Kosťun, J., dos Reis, R., Meydanli, M. M., Odetto, D., ... van Lonkhuijzen, L. R.C.W. (2021). The annual recurrence risk model for tailored surveillance strategy in patients with cervical cancer. European Journal of Cancer, 158, 111-122. https://doi.org/10.1016/j.ejca.2021.09.008","Table 2, ""Multivariable model for the risk of recurrence"" — β column and ""Risk points (max. 100)"" column, all five predictors with reference levels named. The construction sentence is in Methods, Statistical analysis. The band → outcome grid is Fig. 3 (a graphic); the only textual statements of it are five DFS values in the Abstract/Discussion and seven annual-risk values in Results, ARRM.",Yes,"Two halves, checked separately because they carry different evidential weight",pytest tests/parity/test_cibula_arrm_parity.py::test_every_outcome_number_the_paper_prints_is_reproduced,histotype,tests/parity/reference/cibula_arrm_derive.py,tests/parity/reference/cibula_arrm_cases.json,"doi:10.1016/j.ejca.2021.09.008, Table 2, fourteen levels across five predictors, each non-reference level carrying a β and an integer ""Risk points (max. 100)"" value, every reference level named. Read from PMC9406128 on 2026-08-14. The points column is additionally re-derived from the β column alone: the paper states ""A risk score was derived from regression coefficients (β) of the final model, which were weighted to the maximum sum of 100 points"" and never prints the constant, so the divisor is 100 / (1.741 + 1.556 + 0.457 + 0.939 + 0.538) = 100/5.231 = 19.1168, and all thirteen published point values reproduce under round(β × 19.1168) with no exceptions. The band → outcome half is NOT printed as a table: Fig. 3 is a graphic and only twelve values appear in prose. The shipped grid was re-derived by re-running the deployed calculator's own estimator over the 4,343-row cohort that calculator ships client-side; all twelve printed values reproduce, ten of them exactly.",Eur J Cancer. 2021;158:111-122,web calculator only,5,"Early-stage cervical cancer treated by PRIMARY SURGERY. All five inputs are surgical pathology, so this cannot be run before an operation and does not apply to patients treated with definitive chemoradiation, who never produce a specimen. Tumour diameter is the pathologic measurement, not the imaged one. Outcome is disease-free survival from the date of surgery, and the annual recurrence risk is CONDITIONAL, the year-3 figure is the risk for a patient already recurrence-free for two years, not a cumulative risk. Two predictors pool ""not assessed"" with ""negative"" (pelvic nodes, LVSI), so an incomplete work-up scores identically to a clean one and a missing field is silently optimistic. The implementation reproduces that pooling and flags it in `notes` every time it fires. The 76-100 band contains 13 patients, 12 of whom recurred; the paper stops its landmark analysis there at year three and so does this module.",cancerverse_baseline.cervical.prognosis.arrm
Colorectal cancer,Prediction,"CRC-PRO (10-year colorectal cancer risk, Multi-Ethnic Cohort)",Survival (Cox),"Two sex-specific Cox models with different predictor sets, each with restricted cubic splines on five or seven continuous predictors; risk is 1 - S0^exp(Xb) at a fixed 10-year horizon.","risk(10y) = 1 − S₀^exp(Xβ)

  S₀   = 0.9901043  (women)
         0.9846654  (men)
  Xβ   separate models per sex with DIFFERENT predictor sets
  splines on age, education, pack-years, BMI, alcohol
         (+ red meat and activity in men)",2014,"Cross-validated C-statistic 0.681 (men), 0.679 (women)","No, needs questionnaire or patient-reported items. Years of education, pack-years, drinks per day, and for men ounces of red meat and hours of activity per day. These are cohort-study questionnaire items; no health record holds them.",Multi-Ethnic Cohort Study,https://github.com/ClevelandClinicQHS/riskcalc-website/tree/main/ColorectalCancer,"Wells, B. J., Kattan, M. W., Cooper, G. S., Jackson, L., & Koroukian, S. (2014). Colorectal cancer predicted risk online (CRC-PRO) calculator using data from the multi-ethnic cohort study. Journal of the American Board of Family Medicine, 27(1), 42-55. https://doi.org/10.3122/jabfm.2014.01.130040","Table 5A 'Coefficients for the Model Predicting Colorectal Cancer in Men' and Table 5B, the same for women. NOTE: the baseline survival values this library uses (0.9901043 women, 0.9846654 men) are NOT in the paper, they come from the vendor's R source at ClevelandClinicQHS/riskcalc-website/ColorectalCancer. The paper never states the risk equation 1 - S0^exp(Xb) either; it shows nomograms.",Yes,"CHECKED 2026-08-06 against the vendor's own deployed R, route 1",pytest tests/parity/test_crc_pro_parity.py::test_matches_the_vendor_r_when_emulating_its_defect,age,tests/parity/reference/crc_pro_reference.R,tests/parity/reference/crc_pro_cases.json,"J Am Board Fam Med 2014;27(1):42-55, doi:10.3122/jabfm.2014.01.130040 (open access, PMC4219857) for the model specification; coefficients from the deployed calculator's published R source at https://github.com/ClevelandClinicQHS/riskcalc-website/tree/main/ColorectalCancer. Two SEPARATE models by sex with different predictor sets (the paper: NSAIDs matter for women only, red meat and activity for men only). Cox form, risk = 1 - S0^exp(Xb), S0 = 0.9901043 women / 0.9846654 men at 10 years; restricted cubic splines on age, education, pack-years, BMI and alcohol in both, plus red meat and activity in men.","Wells BJ, Kattan MW, Cooper GS, Jackson L, Koroukian S. J Am Board Fam Med. 2014;27(1):42-55",public code,not counted,"Multi-Ethnic Cohort (Hawaiian, Japanese, Latino, White, Black; Black is the reference). Validated input ranges enforced: age 45-85, weight 75-350 lb, height 60-80 in, pack-years 0-50, alcohol 0-12 drinks/day, education 6-20 y, red meat 0-5 oz/day, activity 0-4 h/day. Weight and height are IMPERIAL; the spline knots assume the app's own conversion. Note QCancer-10 validates better externally but has no open source.",cancerverse_baseline.colorectal.detection.crc_pro
Colorectal cancer,Response,"Wang 2024 dynamic nomogram, pathological complete response after neoadjuvant chemoradiotherapy in locally advanced rectal cancer",Logistic regression,"Binary logistic regression (rms::lrm), six predictors on 9 degrees of freedom. T and N stage entered as unordered factors, histology and MRI EMVI and total neoadjuvant therapy as indicators, CEA as a linear term. Presented in the paper as a points nomogram and deployed as a web calculator.","logit(P(pCR)) = -0.0131
  + N-stage term        (reference cN0: cN1 -0.4513, cN2 -0.6596)
  + T-stage term        (reference cT2: cT1 +1.3364, cT3 +0.5773, cT4 +0.0587)
  - 1.1061 * [pre-CRT MRI EMVI positive]
  + 0.7642 * [total neoadjuvant therapy given]
  - 1.4323 * [signet-ring cell / mucinous histology]
  - 0.0584 * pre-CRT CEA in ng/mL

P(pCR) = 1 / (1 + exp(-logit))

The intercept is in NO published source. T stage is NOT monotone and its reference is cT2.",2024,"C-index 0.73 (95% CI 0.70-0.75) in the training cohort with an average of 0.73 across internal cross-validation, and 0.78 (0.72-0.83) in the external validation cohort. The deployed fit prints C 0.737 and Brier 0.151.","Partly, needs pathology, imaging or a send-out assay. Pre-treatment staging bundle: clinical T and N from staging MRI, EMVI status which requires the MRI to be read for it specifically and is not universally reported, biopsy histology, serum CEA, and whether total neoadjuvant therapy was given.","1579 patients, Union Hospital (Fujian Medical University), training; external validation 246 patients at Zhangzhou Hospital. 350/1579 (22.2%) achieved pCR.",,"Wang, G., Li, J., Huang, Y., & Guo, Y. (2024). A dynamic nomogram for predicting pathologic complete response to neoadjuvant chemotherapy in locally advanced rectal cancer. Cancer Medicine, 13(11), e7251. https://doi.org/10.1002/cam4.7251","Table 4 (""Univariate and multivariate Logistic regression analysis associated with pCR in the training cohort (n = 1579)"") holds the multivariable odds ratios. Results 3.3 (""Nomogram for pCR"") holds the sentence ""Final formula for the nomogram = 22.0 x Pre-CRT N stage + ... + 3.85 x Pre-CR CEA"". Figure 3A is the nomogram. NONE of the three carries an intercept or a points-to-probability mapping, which is why the coefficients here come from the calculator's Model Summary tab instead.",Yes,"No worked example is published and no source release exists, so parity was established against the authors' own deployed calculator, the same artifact the coefficients came from, which makes this a transcription-and-coding check rather than an independent confirmation of the science, and it should…",pytest tests/parity/test_wang_larc_pcr_parity.py::test_matches_the_authors_hosted_calculator,histopathology,tests/parity/reference/wang_larc_pcr_fetch.py,tests/parity/reference/wang_larc_pcr_cases.json,"SPLIT ACROSS TWO ARTIFACTS, AND THE PAPER IS NOT THE COMPLETE ONE. Cancer Med 2024;13(11):e7251 (doi:10.1002/cam4.7251, open access at PMC11141331) establishes the model, the cohort and the predictor set: Table 4 prints univariable and multivariable odds ratios (labelled ""HR""), and Results 3.3 prints the nomogram's points formula. Neither states an intercept, and the points-to-probability axis exists only as a drawn scale inside Figure 3A, so the article alone can rank patients and cannot state a probability. There is no supplement and no erratum. The ten coefficients implemented here, intercept included, were read on 2026-08-14 from the ""Model Summary"" tab of the authors' own calculator at https://pcrpredict.shinyapps.io/LARC2/, whose URL the article prints twice. The app is built with R's DynNom, which renders the fitted object with R's own print method; for the rms::lrm fit behind this nomogram that is the entire coefficient table. The captured printout is committed at tests/parity/reference/wang_larc_pcr_model_summary.txt and pinned by test_the_committed_model_summary_still_matches_our_coefficients.","Wang G, Li J, Huang Y, Guo Y. Cancer Med. 2024;13(11):e7251",web calculator only,10,"Locally advanced rectal cancer, staged BEFORE chemoradiotherapy, in patients who complete nCRT and proceed to surgery. All six inputs are pre-CRT values; feeding post-treatment (yp) staging in is a different question. CEA is bounded to 0-24 ng/mL, the authors' own slider range and the paper's explicit "">= 24"" floor, and values outside are refused rather than extrapolated. Development was two Chinese centres, so transportability to other populations is untested beyond that.",cancerverse_baseline.colorectal.response.wang_larc_pcr
Colorectal cancer,Prognosis,MSK rectal calculator (RFS + OS after CRT and surgery),Survival (Cox),Cox proportional hazards with restricted cubic splines on age and positive-node count; survival is S0(t)^exp(X*beta) at four published follow-up times.,"P(T ≥ t) = S₀(t)^exp(Xβ)

  S₀(t) published only at t = 0, 60, 120, 180 months
  Xβ    restricted cubic splines on age and positive-node count
  RFS and OS use DIFFERENT ypT reference groups",2021,"C-index 0.70 (95% CI 0.65-0.76) RFS and 0.73 (0.65-0.80) OS, internal validation; 0.71 and 0.72 external","Partly, needs pathology, imaging or a send-out assay. Post-treatment pathology: ypT stage, node count, venous and perineural invasion.","710 patients, Memorial Sloan Kettering, 1998-2014; externally validated at Siteman Cancer Center",,"Weiser, M. R., Chou, J. F., Keshinro, A., Chapman, W. C., Bauer, P. S., Mutch, M. G., Parikh, P. J., Cercek, A., Saltz, L. B., Gollub, M. J., Romesser, P. B., Crane, C. H., Shia, J., Markowitz, A. J., Garcia-Aguilar, J., Gönen, M., & Colorectal Cancer Disease Management Team of Memorial Sloan Kettering Cancer Center (2021). Development and Assessment of a Clinical Calculator for Estimating the Likelihood of Recurrence and Survival Among Patients With Locally Advanced Rectal Cancer Treated With Chemotherapy, Radiotherapy, and Surgery. JAMA Network Open, 4(11), e2133457. https://doi.org/10.1001/jamanetworkopen.2021.33457","Supplement 1: the eTable 'Parameter Estimates for Cox Regression Models Predicting RFS and OS' holds the coefficients, and the eFigure 'Predictive Equations for Incomplete Responders for RFS and OS' holds the assembled linear predictors. Main text describes it under 'Development of Clinical Calculators'. Which of the two governs was itself a defect in this project, settled against MSK's live calculator in favour of the eFigure.",Yes,"No worked example is published, so parity was established against MSK's own hosted deployment of this model (mskcc.org/nomograms/rectal/post-treatment, whose Supporting Publication block cites this exact paper)",pytest tests/parity/test_msk_rectal_parity.py::test_matches_the_hosted_msk_calculator,age,tests/parity/reference/msk_rectal_fetch.py,tests/parity/reference/msk_rectal_cases.json,"JAMA Netw Open 2021;4(11):e2133457, doi:10.1001/jamanetworkopen.2021.33457, Supplement 1 eFigure, full Cox linear predictor and baseline survival S0(t) at 0/60/120/180 months for both RFS and OS endpoints. The eFigure is a rendered image; coefficients read directly from it and re-read from independent PNG renders at 300 and 600 dpi. Cross-checking exp(beta) against the eTable hazard ratios in the same supplement agrees on 6/6 RFS terms and 0/5 OS terms, an internal inconsistency in the published supplement, not a transcription error (see parity_note).",Weiser MR et al. JAMA Netw Open. 2021;4(11):e2133457,web calculator only,25,"Incomplete pathological responders ONLY, complete responders are estimated by Kaplan-Meier in the source tool, not by this equation. RFS and OS use DIFFERENT ypT reference groups (ypT0/T1 vs ypT0/T1/T2). Predictions only at the published S0 grid (0/60/120/180 months); interpolation refused.",cancerverse_baseline.colorectal.prognosis.msk_rectal
Esophageal cancer,Prediction,Kunzmann points model (esophageal adenocarcinoma),Points table,"Points model derived from a stepwise logistic regression, with each coefficient divided by the smallest one, so the integer points ARE the model rather than a lossy summary.","points = Σ round_to_half( βᵢ / 0.40 )      (0–15)

  over age, sex, BMI, smoking, oesophageal condition
  refer for screening if points ≥ 8",2018,AUROC 0.80 (95% CI 0.77-0.82); 0.79 internally validated,"Yes, routine EHR fields. Age, sex, BMI, coded smoking status and a coded oesophageal diagnosis.","UK Biobank; 355,034 participants aged 50+, 220 oesophageal adenocarcinomas within 5 years",,"Kunzmann, A. T., Thrift, A. P., Cardwell, C. R., Lagergren, J., Xie, S., Johnston, B. T., Anderson, L. A., Busby, J., McMenamin, Ú. C., Spence, A. D., & Coleman, H. G. (2018). Model for Identifying Individuals at Risk for Esophageal Adenocarcinoma. Clinical Gastroenterology and Hepatology, 16(8), 1229-1236.e4. https://doi.org/10.1016/j.cgh.2018.03.014","Table 2, ""Risk factors associated with oEAC in a stepwise logistic regression and the points assigned for the points based model"", one table holding BOTH the fitted regression and the points, not two. Results section ""EAC risk-prediction model: points-based model"". Points = coefficient / smallest coefficient, rounded to the nearest 0.5; the Methods state that smallest coefficient as 0.40 (BMI 25-<30) and work an example with it, while the Table 2 footnote says 0.41, only 0.40 reproduces all ten published points, and the ten rows jointly admit only d in (0.3958, 0.4046]. Points independently confirmed against the published Figure 2 nomogram, ""Nomogram for assigning points (out of a total of 15)"".",Yes,"No worked patient is published and the full text is paywalled, so this was the last model blocked on paper access; the PDF was supplied 2026-08-06",pytest tests/parity/test_kunzmann_parity.py::test_every_published_point_is_re_derivable_from_its_odds_ratio,male sex,,,"Table 2 points-based model, age 0/1.5/2.5/3.5, male 4.0, BMI 0/1.0/1.5/2.5, smoking never/former/current 0/2.0/3.5, esophageal condition 1.5; total 0-15, screening referral at >=8. Points are the fitted coefficients divided by the smallest and rounded to nearest 0.5. The Methods state that smallest coefficient as 0.40 (BMI 25-<30) and work an example, ""the coefficient for men was 1.64 and the smallest coefficient in the model was 0.40 ..., so men were assigned 4 points (1.64/0.40, then rounded to nearest 0.5)"". The Table 2 footnote says 0.41 and is the outlier; only 0.40 reproduces all ten published points.","Kunzmann AT, Thrift AP, Cardwell CR, et al. Clin Gastroenterol Hepatol.",paper only,not counted,"ADENOCARCINOMA only, not squamous cell carcinoma, different disease, different risk factors. UK Biobank volunteers aged 50+ (NOT primary care, the module docstring said primary care until 2026-08-18; the abstract says ""enrolled in the UK Biobank prospective cohort study"", and its healthy-volunteer bias means the absolute 5-year risks do not transfer to a primary-care list).",cancerverse_baseline.esophageal.detection.kunzmann
Esophageal cancer,Response,"Chau index (survival under first-line palliative chemotherapy, advanced esophago-gastric cancer)",Points table,"Count of four binary poor-prognosis factors, each independently significant at 99% confidence in a multivariable Cox model and explicitly NOT weighted by its hazard ratio; banded 0 / 1-2 / 3-4 and reported against the derivation cohort's published median and one-year overall survival for that band.","count = number of 4 binary factors present. NOT a weighted sum
          PS >= 2 · liver metastases · peritoneal metastases · ALP >= 100 U/L
  band  = good 0 | moderate 1-2 | poor 3-4
  output = that band's published median OS and one-year survival
           11.8 / 7.4 / 4.1 months;  48.5% / 25.7% / 11%

No intercept and no baseline survival are published, and none is needed:
the deliverable is the count and its three-cell outcome lookup.
`risk` is None. A SEPARATE logistic model for tumour response (Table 4)
drops liver metastases and prints no intercept, so no response
probability is recoverable and none is offered.",2004,we have not read this from the paper yet,"Yes, routine EHR fields. All four are routine at the point of starting palliative chemotherapy. Alkaline phosphatase is a standard liver-panel analyte; liver and peritoneal metastases are staging findings coded in the registry and stated in restaging imaging reports; performance status is charted on a flowsheet where a service records it. Nothing is a questionnaire, an imaging-derived feature or a specialist assay, the lightest input set of any response-axis model in this library.","Pooled individual patient data from three randomised controlled trials at the Royal Marsden, 1992-2001: ECF v FAMTX (n=256), ECF v MCF (n=574), PVI FU v PVI FU+MMC (n=250). 1,080 patients, 979 (91%) died; the prognostic model is fitted on the 817 with complete data on all four factors.",,"Chau, I., Norman, A. R., Cunningham, D., Waters, J. S., Oates, J., & Ross, P. J. (2004). Multivariate prognostic factor analysis in locally advanced and metastatic esophago-gastric cancer, pooled analysis from three multicenter, randomized, controlled trials using individual patient data. Journal of Clinical Oncology, 22(12), 2395-2403. https://doi.org/10.1200/jco.2004.08.154","Table 3, ""Multivariate Baseline Prognostic Model"", holds the four hazard ratios with 99% CIs. Table 4, ""Multivariate Logistic Regression Model for Tumor Response to Chemotherapy"", is a DIFFERENT model and is recorded for provenance only. The risk-group definitions and every survival figure are in the Results PROSE under ""Prognostic index"", not in any table, which is why a reader scanning the tables alone will not find them. Baseline characteristics including the site-of-primary and histology breakdown are Table 1.",No,"RELABELED 2026-08-17: parity_status was ""checked"", but no independent second source exists to check against, the article is CLOSED ACCESS with no repository copy anywhere, so tests/parity/test_chau_eg_parity.py compares the module's transcribed constants against a second hand-typed copy of the…",pytest tests/parity/test_chau_eg_parity.py::test_every_table_3_hazard_ratio_matches_exactly,performance status,,,"doi:10.1200/jco.2004.08.154, PMID 15197201, read in full on 2026-08-17. Table 3, ""Multivariate Baseline Prognostic Model"" (n=817 with complete data): performance status 2-3 HR 1.575 (99% CI 1.251-1.981), liver metastases 1.409 (1.139-1.743), peritoneal metastases 1.329 (1.013-1.743), alkaline phosphatase >=100 U/L 1.412 (1.136-1.755). The paper does NOT weight them, ""All four factors have a similar order of magnitude, therefore they can be combined into a simple prognostic score without loss of relevant information"", so the model is a count 0-4, banded good (0) / moderate (1-2) / poor (3-4). Risk-group outcomes are in the Results PROSE, not in any table: n = 239 / 487 / 91; median OS 11.8 / 7.4 / 4.1 months; one-year survival 48.5% (95% CI 41.9-54.7), 25.7% (22.5-29.7), 11% (5.6-18.4); HR versus good risk 1.92 (99% CI 1.53-2.40) and 3.59 (2.57-5.02). NOTE the abstract rounds Table 3 to 1.58 / 1.41 / 1.33 / 1.41. The table is primary and is what is stored; a reader working from the abstract is working from rounded values.",J Clin Oncol. 2004;22(12):2395-2403,paper only,4,"Locally advanced or metastatic esophago-gastric cancer at the START of first-line fluorouracil-based palliative chemotherapy. Answers how long this patient is likely to survive on that treatment, for deciding intensity and for trial stratification, not whether the tumour will shrink, and not anything about resectable disease. WHY AN ""ESOPHAGO-GASTRIC"" MODEL SITS IN AN ESOPHAGEAL CELL, since that is the obvious objection. Site of primary was esophagus 295 (27.3%), EGJ 248 (23.0%), stomach 512 (47.4%), unknown 25, so half the cohort (543, 50.3%) was esophageal or junctional. More importantly the authors tested site and found it did not matter: ""Age, sex, and location of primary tumor were not significant in univariate analyses"", and in the Discussion, ""In our analysis, there were no survival differences among patients with esophageal, EGJ, or gastric cancers... there is no definite need for future phase III studies to distinguish patients with tumors from different anatomic origins if they have advanced disease."" Contrast AGAMENON (Br J Cancer 2017), which also says ""oesophagogastric"" and is 5.8% esophagus against 83.9% stomach, the label is not evidence about a cohort, the site table is. TWO LIMITS THAT MATTER MORE THAN THE SITE MIX. (1) Histology was 88% adenocarcinoma and 4.6% squamous, so this is NOT a model for esophageal squamous cell carcinoma, the dominant histology across East Asia; applying it there is the same category error as running kunzmann on squamous disease. (2) The treatment era is 1992-2001 fluorouracil-based combination chemotherapy, predating trastuzumab and predating checkpoint inhibitors entirely. The authors state the index ""requires validation"" and name their own then-ongoing REAL-2 study as the intended validation set. No completed external validation is claimed by the paper, and none is claimed here.",cancerverse_baseline.esophageal.response.chau_eg
Esophageal cancer,Prognosis,"Shapiro nomogram (overall survival after nCRT plus surgery, oesophageal/junctional cancer)",Points table,"Three-predictor nomogram from a multivariable Cox model, published as integer point scales (0-16 total) with the points-to-survival step printed numerically as labelled axes for 1-year and 5-year overall survival.","total = points(cN) + points(ypT) + points(ypN)          0-16
          cN0 0 · cN1 2
          ypT0 0 · ypT1 2 · ypT2 2 · ypT3 4
          ypN0 0 · ypN1 4 · ypN2 5 · ypN3 10

  survival = Fig. 1's printed axes, looked up at the total
          points  0  2  4  6  8 10 12 14 16
          1-year 91 88 85 81 75 68 60 51 41
          5-year 70 62 53 43 33 23 14  7  3

Totals 5, 7, 9 and 11 are reachable (every ypN2 patient) and are NOT
labelled; both survival figures return None there rather than an
interpolated value. `risk` is None, these are published percentages
for a points total, not a fitted individual probability.",2016,c-index 0.63 at internal validation (0.62 and 0.63 on cross-validation between the two centres); 0.61 for OS and 0.64 for PFS on external validation in 975 patients,"Yes, routine EHR fields. All three are cancer-registry staging fields already mapped in the crosswalk, the lightest input set of any model in this library. The trap is not availability but EDITION: cN must be UICC TNM 6th edition and binary, while ypT and ypN are 7th edition, and a warehouse that stores 8th-edition categories (or a modern three-level cN) is storing something this model was not fitted on.","626 of 661 screened patients treated with CROSS-regimen neoadjuvant chemoradiotherapy plus resection at Erasmus MC Rotterdam and AMC Amsterdam (CROSS-I, CROSS-II and post-CROSS 2009-2013); adenocarcinoma 481 (76.8%), squamous 139 (22.2%)",,"Shapiro, J., van Klaveren, D., Lagarde, S. M., Toxopeus, E. L. A., van der Gaast, A., Hulshof, M. C. C. M., Wijnhoven, B. P. L., van Berge Henegouwen, M. I., Steyerberg, E. W., & van Lanschot, J. J. B. (2016). Prediction of survival in patients with oesophageal or junctional cancer receiving neoadjuvant chemoradiotherapy and surgery. British Journal of Surgery, 103(8), 1039-1047. https://doi.org/10.1002/bjs.10142","Fig. 1, ""Nomogram for overall survival as developed in 626 patients"", page 1043, the entire model, three predictor point scales plus a total-points axis and two survival axes whose ticks are LABELLED WITH NUMBERS rather than only drawn. The worked example is in Results, ""Prediction model for survival"". Table 1 holds the cohort and staging distributions. Table 2 is the FULL multivariable model and is NOT the fitted nomogram, its hazard ratios do not reproduce the points, and the final model's coefficients are printed nowhere in the article.",No,"No fixture and no reference script: the model is three integer scales and a printed lookup, so parity means whether every transcribed constant equals the figure",pytest tests/parity/test_shapiro_ncrt_parity.py::test_the_papers_own_worked_example,ypN,,,"doi:10.1002/bjs.10142, PMID 27115731, read in full on 2026-08-17. Fig. 1 is the whole model. Three predictor scales: cN0 0 / cN1 2; ypT0 0 / ypT1 2 / ypT2 2 / ypT3 4; ypN0 0 / ypN1 4 / ypN2 5 / ypN3 10, total 0-16. Then, and this is what makes the paper usable where four cervical nomogram papers were not, the points-to-probability step is printed NUMERICALLY rather than drawn: the total-points axis carries ticks at 0 2 4 6 8 10 12 14 16 with 1-year survival 91 88 85 81 75 68 60 51 41 and 5-year survival 70 62 53 43 33 23 14 7 3 beneath them. Read from pdftotext -layout and independently confirmed against PNG renders of page 1043 at 300 and 600 dpi. The worked example in the Results reproduces exactly: cN1 with a complete response (ypT0, ypN0) totals 2 points for ""estimated 1- and 5-year survival rates of 88 and 62 per cent respectively"". NOT USABLE FROM THIS PAPER: the final model's Cox coefficients, which are printed nowhere -- Table 2 is the FULL multivariable model and its hazard ratios do not reproduce these points.",Br J Surg. 2016;103(8):1039-1047,paper only,3,"Oesophageal or oesophagogastric junctional carcinoma treated with CROSS-regimen neoadjuvant chemoradiotherapy FOLLOWED BY RESECTION. Two of the three inputs are post-resection pathology, so this cannot be run pre-operatively and says nothing about whether to operate, which is the question someone reaching for an ""oesophageal prognosis model"" most often has. FOUR OF THIRTEEN REACHABLE SCORES HAVE NO PUBLISHED SURVIVAL, and the module returns None for them rather than interpolating. Fig. 1 labels even totals only; ypN2 scores 5 and is the model's only odd point value, so every ypN2 patient (3-6 positive nodes, 60 of 626 = 9.6% of the derivation cohort) lands between labelled ticks. A Cox fit reproduces the printed axis to 0.36 percentage points and would fill the gap convincingly, which is precisely why it is not used. DISCRIMINATION IS WEAK and should be quoted whenever the model is: c-index 0.63 at internal validation, 0.62/0.63 on cross-validation between the two centres, 0.61 on external validation. The authors say so themselves, predicted survival showed ""only moderate correlation with observed survival, emphasizing the need for new prognostic factors"". Squamous histology is well represented here (139 of 626, 22.2%) unlike chau_eg (4.6%), so the two esophageal models differ in applicability by histology and the chau_eg caveat must not be carried across. Staging editions are mixed and are not interchangeable: cN is UICC TNM SIXTH edition and binary (cN0/cN1 only, not the modern N0-N3), while ypT and ypN are seventh edition. Feeding eighth-edition categories or a three-level cN is feeding the model something it was never fitted on; the module refuses rather than mis-scoring.",cancerverse_baseline.esophageal.prognosis.shapiro_ncrt
Gastric cancer,Prediction,ABC method (H. pylori antibody x pepsinogen serological groups A-D),Categorical rule,"A 2x2 cross-tabulation, not a regression: H. pylori serology (+/-) crossed with pepsinogen-defined atrophy (+/-) gives 4 ordered groups A-D.","group = H. pylori antibody (±)  ×  pepsinogen atrophy (±)

  atrophy = PG I ≤ 70 ng/mL  AND  PG I / PG II ≤ 3.0
  → groups A, B, C, D, each with a published annual incidence",2005,"n/a as a c-index - the paper reports no AUC or concordance. Evidence is stratification: annual gastric-cancer incidence 0.04 / 0.06 / 0.35 / 0.60 %/y for groups A / B / C / D (log-rank p<0.0001), with Cox hazard ratios vs A of 1.1 (0.4-3.4, p=0.81), 6.0 (2.4-14.5), 8.2 (3.2-21.5). GROUP B IS NOT DISTINGUISHABLE FROM A","Partly, needs pathology, imaging or a send-out assay. Pepsinogen I and the I/II ratio with H. pylori serology. Routine screening in Japan, rarely ordered elsewhere.",not recorded yet,,"Watabe, H., Mitsushima, T., Yamaji, Y., Okamoto, M., Wada, R., Kokubo, T., Doi, H., Yoshida, H., Kawabe, T., & Omata, M. (2005). Predicting the development of gastric cancer from combining Helicobacter pylori antibodies and serum pepsinogen status: a prospective endoscopic cohort study. Gut, 54(6), 764-8. https://doi.org/10.1136/gut.2004.055400","Methods, subsection 'Serum pepsinogen level' defines atrophy (PG I <=70 ng/mL AND PG I/II <=3.0); Methods, subsection 'Classification by anti-H pylori antibody and serum pepsinogen status' defines groups A-D; the per-group annual incidence rates are in Table 2.",Yes,"Route 5: incidence rates re-derived independently from the paper's own cases and person-years (Tables 1-2): 7/(3324*4.8y)=0.044%/y, 6/(2134*4.7y)=0.060%/y, 18/(1082*4.7y)=0.354%/y, 12/(443*4.5y)=0.602%/y, each reproduces the published rate",pytest tests/test_gastric_detection_abc_method.py::test_annual_incidence_re_derives_from_the_papers_raw_counts,pepsinogen atrophy,,,"Gut 2005;54(6):764-768, doi:10.1136/gut.2004.055400, PMC1774550, group rule from Table 1/Methods (PG+ <=> PG I <=70 ng/mL AND PG I/II <=3.0), annual incidence from Table 2",Watabe H et al. Gut. 2005;54(6):764-768,paper only,4,"Japanese cohort absolute rates; ordering transfers, absolute numbers do not. Invalid after H. pylori eradication (seroreversion).",cancerverse_baseline.gastric.detection.abc_method
Gastric cancer,Response,Integer risk score for complete tumour regression (Ryan TRG 0) after preoperative chemotherapy in advanced gastric cancer,Points table,"Four dichotomised pretreatment values with integer weights (5, 4, 7, 7) summed to 0-23, split at 13. A logistic regression derives the weights and is then not used again, so the score is the model.","score = 5·[CA19-9 ≤ 10.90 U/mL] + 4·[CA72-4 ≤ 3.19 U/mL]
        + 7·[well differentiated] + 7·[LNmax ≥ 1.535 cm]

  range 0–23; high risk if score > 13

  observed pCR: 0% at ≤13 points, 22.35% above",2021,"AUC 0.84 (0.77–0.91) training, 0.73 (0.55–0.91) internal validation, 0.82 (0.71–0.92) prospective cohort. No C-index and no calibration analysis are reported anywhere in the paper.","Yes, routine EHR fields. CA19-9 and CA72-4 are routine serum tumour markers, differentiation grade comes from the diagnostic biopsy report, and LNmax is a short-axis node measurement already made on the staging MDCT. CA72-4 is ordered less widely outside East Asia than the other three.","428 patients at Shanghai Ruijin Hospital, 304 retrospective (July 2009–November 2018), split 2:1 at random into 202 training and 102 internal validation, plus 124 enrolled prospectively December 2018–June 2020 after the model was locked",,"Xu, W., Ma, Q., Wang, L., He, C., Lu, S., Ni, Z., Hua, Z., Zhu, Z., Yang, Z., Zheng, Y., Feng, R., Yan, C., Li, C., Yao, X., Chen, M., Liu, W., Yan, M., & Zhu, Z. (2021). Prediction Model of Tumor Regression Grade for Advanced Gastric Cancer After Preoperative Chemotherapy. Frontiers in Oncology, 11, 607640. https://doi.org/10.3389/fonc.2021.607640","Table 4, ""Risk Score of Prediction Model for TRG"", the four point assignments. The betas behind them are Table 3, ""Multivariate analysis: variables correlated with TRG in the training set"". Both are real HTML tables in PMC8082104, so no figure has to be read.",No,"RELABELED 2026-08-17 from a ""checked"" that its own text already contradicted: this entry said ""CHECKED"" while stating in the very next sentence ""this is not a parity run against an independent implementation and is not claimed as one"", caught by an audit that treats a checked/matched status paired…",pytest tests/test_gastric_response_xu_trg_score.py::test_the_four_point_values_are_the_ones_table_4_prints,differentiation,,,"Table 4 ""Risk Score of Prediction Model for TRG"" gives the four point values (CA19-9 <=10.90 U/mL 5, CA72-4 <=3.19 U/mL 4, well differentiation 7, LNmax >=1.535 cm 7). Table 3 ""Multivariate analysis: variables correlated with TRG in the training set"" gives the coefficients behind them (B 1.725, 1.511, 2.005, 2.073; OR 5.615, 4.531, 7.426, 7.945). The 0-23 range, the 13-point cut-off and the three cut-off values are in the Results text. Both tables are machine-readable in PMC8082104 and the paper contains no nomogram figure, so nothing was read off an image.","Xu W, Ma Q, Wang L, et al. Front Oncol. 2021;11:607640",paper only,4,"Locally advanced gastric adenocarcinoma receiving neoadjuvant chemotherapy. Endpoint is Ryan TRG 0, i.e. pathological complete response, at resection. Three limits that belong next to any number this produces. First, it is single-centre: the paper calls its prospective cohort an ""external validation group"" but every author is at Shanghai Ruijin, only one hospital is ever named, and the paper's own limitations say ""This was a single-center clinical study"". It is prospective TEMPORAL validation. Second, it is thin, 30 TRG=0 events in the retrospective data, 20 of them in training against four retained predictors, so events per variable is about 5 and the 0.84 is optimistic on its face; the internal AUC rests on 10 events with a CI running down to 0.55, and the prospective AUC on 9. Third, it outputs a risk group, not a probability, and no calibration was ever assessed. The temporal validation is worth more than it first looks. Regimens changed between the eras (EOX and taxane-containing retrospectively, SOX and FLOT prospectively), so it is a genuine out-of-era test, which matters, because PMID 35280802 showed a gastric response signature holding at AUC 0.72–0.78 across chemotherapy regimens and collapsing to 0.50 under apatinib + SOX.",cancerverse_baseline.gastric.response.xu_trg_score
Gastric cancer,Prognosis,MSK gastric nomogram (disease-specific survival after R0 resection),Survival (Cox),"Cox proportional hazards with restricted cubic splines on age, positive nodes, negative nodes and depth of invasion; depth is an ordinal 1-7 entered as a continuous splined term, not as indicators.","DSS(t) = S₀(t)^exp(Xβ)

  S₀ = 0.579053   at 5 years
       0.5089101  at 9 years
  Xβ   splines on age, positive nodes, negative nodes, depth
  references: female, Lauren diffuse, antrum/pyloric",2003,"Concordance index 0.80, bootstrap-corrected","Partly, needs pathology, imaging or a send-out assay. Staging and pathology detail: Lauren type, depth of invasion, and counts of positive AND negative nodes, the negative count is often missing even where the positive one is recorded.",Memorial Sloan Kettering gastric resection series,https://github.com/ClevelandClinicQHS/riskcalc-website/tree/main/GastricCancer,"Kattan, M. W., Karpeh, M. S., Mazumdar, M., & Brennan, M. F. (2003). Postoperative nomogram for disease-specific survival after an R0 resection for gastric carcinoma. Journal of Clinical Oncology, 21(19), 3647-50. https://doi.org/10.1200/JCO.2003.01.240","NOT IN THE PAPER as a closed form: J Clin Oncol 2003;21(19) prints a nomogram figure only. Coefficients from ClevelandClinicQHS/riskcalc-website/tree/main/GastricCancer (server.R), with S0 at 5 years (0.579053) and 9 years (0.5089101).",Yes,"CHECKED 2026-08-06 against the vendor's own deployed R, route 1",pytest tests/parity/test_msk_gastric_parity.py::test_matches_the_vendor_r,positive nodes,tests/parity/reference/msk_gastric_reference.R,tests/parity/reference/msk_gastric_cases.json,"NOT the paper: J Clin Oncol 2003;21(19) publishes a nomogram figure and no closed-form model. The coefficients come from the deployed calculator's published R source at https://github.com/ClevelandClinicQHS/riskcalc-website/tree/main/GastricCancer (server.R), which riskcalc.org's own page cites to Kattan 2003. Cox form DSS(t) = S0(t)^exp(Xb) with S0 published at 5 years (0.579053) and 9 years (0.5089101); restricted cubic splines on age, positive nodes, negative nodes and depth.","Kattan MW, Karpeh MS, Mazumdar M, Brennan MF. J Clin Oncol. 2003;21(19):3647-3650",public code,not counted,"Patients after R0 resection for gastric carcinoma. The hosted calculator validates age 25-96, positive nodes 0-23, negative nodes 0-146, size 0.1-21 cm; those bounds are enforced because the splines are only anchored inside them.",cancerverse_baseline.gastric.prognosis.msk_gastric
Head & neck cancer,Prediction,UK Biobank head and neck cancer risk model (7-year absolute risk),Logistic regression,"Single logistic regression on eight predictors, two continuous and six categorical, with the constant published in the coefficient table's caption.","logit(p) = -9.54
         + ln(1.04) * age        (per year, uncentred)
         + ln(0.96) * BMI        (per unit, PROTECTIVE)
         + ln(1.81) * male

         + smoking    never 0 | previous ln(1.59) | current ln(3.10)
         + Townsend   Q1 0 | Q2 ln(1.30) | Q3 ln(1.14) | Q4 ln(1.81) | Q5 ln(1.66)
         + alcohol    never 0 | previous ln(3.26) | current ln(1.42)
         + exercise   none 0 | 1-4 d ln(0.68) | >=5 d ln(0.66)
         + fruit/veg  <5/day 0 | >=5/day ln(0.71)

  p = 7-year risk of ICD-10 C00-C14 or C30-C31   (larynx C32 EXCLUDED)
  Q4 > Q5 and previous > current alcohol are in the paper, not typos.",2020,C-statistic 0.69 (95% CI 0.66-0.71) in development with good calibration; 0.64 (0.60-0.68) on the North West subset with reasonable calibration,"No, needs questionnaire or patient-reported items. Age, sex, BMI and coded smoking are routine. Three inputs are not. The Townsend Deprivation Index is a UK AREA-LEVEL measure with no US equivalent, the same class of problem recorded for PREVENT's SDI decile, where the closest thing on the target platform platform is a differently-scaled Vizient vulnerability index. Moderate-exercise days per week and five-a-day fruit and vegetable intake are questionnaire items. That is three of eight predictors with no routine source, which is why this is not_ehr rather than routine, matching crc_pro.","UK Biobank, 502,647 recruited aged 40-69; model fitted on 397,179 complete cases with 232 incident head and neck cancers in the 7 years after recruitment",,"Mccarthy, C. E., Bonnet, L. J., Marcus, M. W., & Field, J. K. (2020). Development and validation of a multivariable risk prediction model for head and neck cancer using the UK Biobank. International Journal of Oncology, 57(5), 1192-1202. https://doi.org/10.3892/ijo.2020.5123","Table III, 'Multivariable model for head and neck cancer risk in the UK Biobank'. Odds ratios with reference levels in the body; the model intercept in the caption, together with the complete-case count (397,179 observations, 232 cases, 396,947 controls).",No,"TRANSCRIPTION CHECKED 2026-08-17 against Table III, every cell, and RE-CHECKED 2026-08-18 against a second, open-access copy of the same table (see equation_source), still NOT parity in the sense this registry uses the word, and still labelled not_checked deliberately, because both checks confirm…",pytest tests/parity/test_r_reference_parity.py::test_ukb_hnc_coefficients_match_published_table_3,smoking,,,"Table III of the article, read on 2026-08-17. The eight odds ratios are in the table body and THE INTERCEPT IS IN THE CAPTION, ""Model Intercept Coefficient -9.54 (95% confidence interval, -11.2 - -7.88; P<0.001)"", which is the whole reason this cell could be closed. Three earlier passes over this literature recorded head and neck detection as having no implementable model; two of them never saw this paper, and the third saw it and could not open it. RE-VERIFIED 2026-08-18 against a second, openly-accessible copy: the University of Liverpool institutional repository hosts the author-accepted manuscript free of charge at https://livrepository.liverpool.ac.uk/3109887/ (""Final IJO manuscript_word.docx""). Every one of the eight odds ratios, all four Townsend quintile terms, and the intercept with its 95% CI were re-extracted from that .docx independently of the original PDF-based transcription, all values agree exactly, character for character. This matters beyond redundancy: this copy is openly accessible, so it is now the recommended re-verification route.","McCarthy CE, Bonnet LJ, Marcus MW, Field JK. Development and validation of a multivariable risk prediction model for head and neck cancer using the UK Biobank. Int J Oncol. 2020;57(5):1192-1202",paper only,13,"Incident ICD-10 C00-C14 and C30-C31 within 7 years of a baseline assessment. LARYNGEAL CANCER (C32) IS EXCLUDED from the outcome by design, the authors dropped it because ""screening for oral cancers and laryngeal cancers requires different expertise and laryngeal cancer would not be visible during routine oral examination"". A caller who wants all head and neck sites is asking a different question. UK population, 40-69 at entry.",cancerverse_baseline.head_neck.detection.ukb_hnc
Head & neck cancer,Prognosis,"Ang 2010 RPA risk groups (HPV / smoking / stage, oropharynx)",Decision tree,"Recursive-partitioning (CART) decision tree: three binary splits on HPV status, pack-years and nodal/tumour stage produce 3 risk groups.","HPV+ ─┬─ ≤10 pack-years ─────────────→ low
      └─ >10 ─┬─ N0–N2a ────────────→ low
              └─ N2b–N3 ───────────→ intermediate

HPV− ─┬─ ≤10 pack-years, T2–T3 ────→ intermediate
      └─ otherwise ────────────────→ high",2010,"n/a as a c-index - no AUC or concordance is reported. Evidence is separation: 3-year overall survival 93.0% (95% CI 88.3-97.7) low risk, 70.8% (60.7-80.8) intermediate, 46.2% (34.7-57.7) high, with hazard ratios vs low of 3.54 and 7.16. Non-overlapping confidence intervals across all three groups","No, needs questionnaire or patient-reported items. HPV status and stage are specialty data, but the rule turns on a pack-years threshold, and pack-years as a number is rarely recorded.",not recorded yet,,"Ang, K. K., Harris, J., Wheeler, R., Weber, R., Rosenthal, D. I., Nguyen-Tân, P. F., Westra, W. H., Chung, C. H., Jordan, R. C., Lu, C., Kim, H., Axelrod, R., Silverman, C. C., Redmond, K. P., & Gillison, M. L. (2010). Human papillomavirus and survival of patients with oropharyngeal cancer. The New England Journal of Medicine, 363(1), 24-35. https://doi.org/10.1056/NEJMoa0912217","Results, subsection 'HPV status and survival', stated as prose and drawn as the recursive-partitioning tree in Figure 2. No table.",No,RELABELED 2026-08-17: this used to say Fakhry et al,pytest tests/test_head_neck_prognosis_ang2010.py::test_the_two_operationalizations_differ_only_for_hpv_negative_t1,HPV status,,,"PMC2943767, verbatim Results-section quote. HPV-positive: low risk except smokers (>10 pack-years) with N2b-N3 = intermediate; HPV-negative: high risk except nonsmokers with T2/T3 = intermediate",Ang KK et al. N Engl J Med. 2010;363(1):24-35 (RTOG 0129),paper only,3,"Known ambiguity, documented in code: the primary text uses '>10 pack-years' for the HPV-positive branch's smoking split but 'nonsmokers' (undefined precisely) for the HPV-negative branch's exception. We apply the same <=10/>10 pack-years split to both branches as the more defensible reading; flagged, not silently resolved.",cancerverse_baseline.head_neck.prognosis.ang2010_rpa
Liver cancer,Prediction,aMAP score (5-year HCC risk in chronic hepatitis),Linear score + cut-offs,"Linear score on age, sex, ALBI and platelets, rescaled onto 0-100 and banded at 50 and 60; it embeds the whole ALBI score as one term.","aMAP = ( 0.06·age + 0.89·male + 0.48·ALBI − 0.01·platelets + 7.4 )
       ─────────────────────────────────────────────────────────── × 100
                                14.77

  ALBI = 0.66·log₁₀(bilirubin) − 0.085·albumin
  bands: <50 low, 50–60 medium, ≥60 high",2020,C-index 0.82–0.87 across aetiologies and ethnicities,"Yes, routine EHR fields. Age, sex, platelets, bilirubin, albumin, a CBC and a liver panel.","11 global prospective cohorts, 17,374 patients with chronic hepatitis",,"Fan, R., Papatheodoridis, G., Sun, J., Innes, H., Toyoda, H., Xie, Q., Mo, S., Sypsa, V., Guha, I. N., Kumada, T., Niu, J., Dalekos, G., Yasuda, S., Barnes, E., Lian, J., Suri, V., Idilman, R., Barclay, S. T., Dou, X., . . . Hou, J. (2020). aMAP risk score predicts hepatocellular carcinoma development in patients with chronic hepatitis. Journal of Hepatology, 73(6), 1368-1378. https://doi.org/10.1016/j.jhep.2020.07.025","The formula is a display equation in prose, not a table and not a figure, in Results, ""Derivation of the HCC risk score"", introduced by ""A risk score, known as the age-male-ALBI-platelets (aMAP) score, was devised using the above 4 variables weighted by their regression coefficients in the multivariable Cox model (Table 2), and then the score range was standardised to 1-100"". The 5-year baseline survival S0(t) = exp(-H0(t)) = 0.984 is stated immediately after it. The ALBI sub-formula has its own locus: Methods, ""Albumin-bilirubin score calculation"". The 50 and 60 cut-offs are in Results, ""HCC risk stratification based on the aMAP score"", ""The X-tile plots were used to generate 2 optimal cut-off values (50 and 60)"", derived in Figure S4 and named again in the caption of Table 4. TWO THINGS THIS RE-READ CORRECTED. First, the range: the Results body says ""standardised to 1-100"", not 0-100. The paper contradicts itself, the abstract's Results says the score ranges ""from 0 to 100"" and the lay summary repeats it, so the 0-100 reading is the one most readers will meet. Take the Results body sentence as primary, since it is the one attached to the formula. Second, and more useful: the published formula uses ROUNDED coefficients. Table 2, ""Cox regression analysis in the training cohort."", multivariable Coefficient column, gives age 0.060, male sex 0.894, ALBI 0.484, platelets -0.012, while the formula prints 0.06 / 0.89 / 0.48 / -0.01. That is a real reproducibility fork, implementing from Table 2 gives different scores from implementing the formula. We implement the formula, deliberately: it is what the 50/60 cut-offs were calibrated against and what the deployed calculator computes.",Yes,"No numeric worked example is published, so parity was established against the custodial calculator hosted by CUHK's Medical Data Analytics Centre, an aMAP collaborating site (mdac.cuhk.edu.hk/calculators/amap/)",pytest tests/parity/test_amap_parity.py::test_score_matches_the_custodial_calculator,age,tests/parity/reference/amap_fetch.py,tests/parity/reference/amap_cases.json,"J Hepatol 2020;73(6):1368-1378, doi:10.1016/j.jhep.2020.07.025 (open access CC BY-NC-ND), aMAP = ({0.06*age + 0.89*male + 0.48*ALBI - 0.01*platelets} + 7.4)/14.77*100; ALBI = 0.66*log10(bilirubin umol/L) - 0.085*albumin g/L; cut-offs 50 and 60","Fan R, Papatheodoridis G, Sun J, et al. J Hepatol. 2020;73(6):1368-1378",paper only,6,"-- this used to claim aMAP's -0.085 differed from ""Johnson 2015's -0.0852"", asserting the disproven -0.0852 reading as the paper's real value. Johnson 2015 itself prints -0.085 (see the albi entry's parity_note, confirmed against the primary text); -0.0852 was this project's own pre-2026-08-05 transcription error in the albi module, not a second published rounding. aMAP and ALBI use the identical -0.085 coefficient; there is no rounding difference between them to explain.",cancerverse_baseline.liver.detection.amap
Liver cancer,Response,HAP score (pre-TACE prognosis / candidacy),Points table,"Additive integer point score (0-4) from 4 dichotomised variables, mapped to 4 prognostic grades.","points = [albumin < 36 g/L] + [bilirubin > 17 µmol/L]
       + [AFP > 400 ng/mL] + [dominant tumour > 7 cm]

  0 → grade A,  1 → B,  2 → C,  >2 → D",2013,"AUROC for mortality, HAP: 1-year 0.79 (95% CI 0.69-0.88) training, 0.67 (0.58-0.76) validation; 2-year 0.82 (0.73-0.92) training, 0.64 (0.49-0.78) validation. Highest of the six scores compared at both time points, but the validation advantage is significant only at 1 year (P=0.02); at 2 years P=0.71","Partly, needs pathology, imaging or a send-out assay. Albumin, bilirubin and AFP are routine; the dominant tumour diameter comes from an imaging report.",not recorded yet,,"Kadalayil, L., Benini, R., Pallan, L., O'Beirne, J., Marelli, L., Yu, D., Hackshaw, A., Fox, R., Johnson, P., Burroughs, A. K., Palmer, D. H., & Meyer, T. (2013). A simple prognostic scoring system for patients receiving transarterial embolisation for hepatocellular cancer. Annals of Oncology, 24(10), 2565-2570. https://doi.org/10.1093/annonc/mdt247","Table 3, ""Calculation of the Hepatoma arterial-embolisation prognostic (HAP) score"", page 2568 — ONE table with two stacked header blocks, holding both the four point assignments and the A-D grade boundaries. As printed: albumin <36 g/dl, AFP >400 ng/ml, bilirubin >17 umol/l, maximum tumour diameter >7 cm, one point each; HAP A = 0, B = 1, C = 2, D = >2. Results, run-in subheading ""developing the prognostic score."" (Ann Oncol sets headings lowercase), page 2567. Two wording notes for anyone citing it. The paper prints albumin in ""g/dl"" in FOUR places. Table 3, Table 2, the abstract and the Methods, so this is its uniform usage, not an abstract typo; it is still certainly a unit error, since 36 g/dL is physiologically impossible and 36 g/L is the normal lower bound, and our g/L reading is the right one. And Table 3 says ""Maximum tumour diameter >7 cm"" where the abstract says ""size of dominant tumour >7 cm""; use the table's wording when citing Table 3.",Yes,"CHECKED 2026-08-05, encoded as a test 2026-08-17 (tests/test_liver_response_hap.py:: test_matches_interventionalradio_independent_statement), against an independent statement of the score (interventionalradio.org/hap-score): same four criteria and thresholds, same A/B/C/D mapping with D as >2,…",pytest tests/test_liver_response_hap.py::test_matches_interventionalradio_independent_statement,albumin < 36 g/L,,,"Ann Oncol 2013;24(10):2565-2570, PMID 23857958, 1 point each for albumin <36 g/L, bilirubin >17 umol/L, AFP >400 ng/mL, dominant tumour >7 cm; grades A=0, B=1, C=2, D=>2",Kadalayil L et al. Ann Oncol. 2013;24(10):2565-2570,paper only,4,mHAP / mHAP-II / mHAP-III modifications not implemented. Median OS values are the UK derivation cohort's and do not transfer.,cancerverse_baseline.liver.response.hap
Liver cancer,Prognosis,"ITA.LI.CA integrated prognostic score (HCC survival)
[inputs the platform does not hold] 
Interim: ALBI grade (albumin-bilirubin liver function) (2015)",Linear score + cut-offs,"Two-term linear score, log10(bilirubin) and albumin, cut at two fixed thresholds into 3 liver-function grades.","ALBI = 0.66 · log₁₀(bilirubin µmol/L)  −  0.085 · albumin g/L

  grade 1  ALBI ≤ −2.60
  grade 2  −2.60 < ALBI ≤ −1.39
  grade 3  ALBI > −1.39",2015,"n/a in extractable form - Harrell's C and Somers' D were computed but printed only inside Figures 1A-1H, and PMC blocks the figure images. Verbatim verdict in the paper: ALBI ""performed at least as well as the C-P grade in all geographic regions""","Yes, routine EHR fields. Two standard chemistry values: bilirubin and albumin.",not recorded yet,,"Johnson, P. J., Berhane, S., Kagebayashi, C., Satomura, S., Teng, M., Reeves, H. L., O'Beirne, J., Fox, R., Skowronska, A., Palmer, D., Yeo, W., Mo, F., Lai, P., Iñarrairaegui, M., Chan, S. L., Sangro, B., Miksad, R., Tada, T., Kumada, T., & Toyoda, H. (2015). Assessment of liver function in patients with hepatocellular carcinoma: a new evidence-based approach-the ALBI grade. Journal of Clinical Oncology, 33(6), 550-8. https://doi.org/10.1200/JCO.2014.57.9151","Results, in the multivariable Cox paragraph, printed inline as 'linear predictor = (log10 bilirubin x 0.66) + (albumin x -0.085)'. The grade cut-offs follow immediately in the same paragraph: 'xb <= -2.60 (ALBI grade 1), more than -2.60 to <= -1.39 (ALBI grade 2), and xb more than -1.39 (ALBI grade 3)'. Table 2 carries the underlying Cox parameters.",Yes,"CHECKED 2026-08-05 against the primary text (PMC4322258), which prints verbatim: linear predictor = (log10 bilirubin x 0.66) + (albumin x -0.085), grades at -2.60 / -1.39",pytest tests/parity/test_r_reference_parity.py::test_albi_formula_matches_mdcalc_statement,albumin,tests/parity/reference/mdcalc_extract.py,,"J Clin Oncol 2015;33(6):550-558, doi:10.1200/JCO.2014.57.9151. ALBI = 0.66 * log10(bilirubin umol/L) - 0.085 * albumin g/L; grades at -2.60 and -1.39., this field still carried the pre-fix -0.0852 coefficient after parity_note and core_formula were both corrected to -0.085 on 2026-08-05 (see parity_note for the primary-source confirmation).",Johnson PJ et al. J Clin Oncol. 2015;33(6):550-558,web calculator only,2,,cancerverse_baseline.liver.prognosis.albi
Lung cancer,Prediction,"PLCOm2012 (6-year lung-cancer risk, ever-smokers)",Logistic regression,"Multivariable logistic regression on 11 predictors (smoking history, COPD, family history, education, BMI, race) to 6-year lung-cancer probability.","logit(p) = β₀ + Σ βᵢ (xᵢ − centreᵢ)

  11 predictors: age, race, education, BMI, COPD, personal and
  family cancer history, smoking status, intensity, duration,
  years since quitting",2013,"AUC 0.803 development, 0.797 validation","No, needs questionnaire or patient-reported items. Education level, and pack-years split into cigarettes per day, duration and years since quitting. Most EHRs code smoking as a status, not as those three numbers.","80,375 ever-smokers in the control and intervention groups of the PLCO Cancer Screening Trial; validation set 37,332. Verified from PMID 23425165 2026-08-07.",https://github.com/resplab/PLCOm2012,"Tammemägi, M. C., Katki, H. A., Hocking, W. G., Church, T. R., Caporaso, N., Kvale, P. A., Chaturvedi, A. K., Silvestri, G. A., Riley, T. L., Commins, J., & Berg, C. D. (2013). Selection criteria for lung-cancer screening. The New England Journal of Medicine, 368(8), 728-36. https://doi.org/10.1056/NEJMoa1211776","Table 2, 'Modified Logistic-Regression Prediction Model (PLCOm2012) of Cancer Risk for 36,286 Control Participants Who Had Ever Smoked', coefficients and the model constant (-4.532506) in its last row. The logit-to-probability step is in Table 2's footnote. Described in the main text under 'Modified PLCO lung-cancer risk-prediction model (PLCOm2012)'.",Yes,"CHECKED against the canonical R package resplab/PLCOm2012, using its README worked example (62 y, White, education 4, BMI 27, former smoker, 80 cigarettes/day for 27 years, quit 10 years ago): ours 0.017509223 vs 0.01750922, agreement to 8 decimal places.",pytest tests/parity/test_canonical_parity.py::test_plcom2012_resplab_worked_example,age,,,NEJM 2013 Table 2 (author manuscript PMC3929969),"Tammemägi MC et al. N Engl J Med. 2013;368(8):728-736, Table 2",public code,12,,cancerverse_baseline.lung.detection.plcom2012
Lung cancer,Prediction,Optum EHR LASSO model (3-year lung cancer risk from routine care),Logistic regression,"LASSO (L1-penalised) logistic regression fitted with Cyclops over 16,633 candidate OMOP covariates; the penalty left 278 non-zero. Prediction is a plain dot product over covariateIds through a logistic link, no splines, no interactions, no per-patient normalisation, because every surviving covariate is a 0/1 indicator whose stored normalisation factor is 1.","p(lung cancer in days 1-1095) = 1 / (1 + e^(-XB))

  XB = -8.8024 + sum over the 278 covariates of beta_i * x_i
  x_i  = value of covariateId i, divided by its normFactor (all 1 here)
  covariateId = conceptId * 1000 + analysisId, observed in day -365..0
  a covariateId the model does not carry contributes nothing",2023,AUC 0.76 internal; 0.81 on external validation in the Mercy EHR and 0.72 in Optum claims,"Yes, routine EHR fields. Pure EHR: diagnoses, medications, laboratory results, procedures, visits, devices, demographics and coded smoking status. No questionnaire item anywhere, which is the point of carrying it next to PLCOm2012, whose pack-years, years-since-quitting and education level are survey fields an EHR does not hold. The caveat is the shape of the input, not its availability: the caller supplies OMOP covariateIds from a FeatureExtraction run, so a site that is not already on the OMOP CDM has an extraction to build before it has a prediction.","4,777,606 patients in Optum's de-identified EHR dataset (cdm_optum_ehr_v1705); external validation in the Mercy EHR and in Optum claims",https://github.com/ohdsi-studies/lungCancerPrognostic,"Chandran, U., Reps, J., Yang, R., Vachani, A., Maldonado, F., & Kalsekar, I. (2023). Machine Learning and Real-World Data to Predict Lung Cancer Risk in Routine Care. Cancer Epidemiology, Biomarkers & Prevention, 32(3), 337-343. https://doi.org/10.1158/1055-9965.EPI-22-0873","ohdsi-studies/lungCancerPrognostic at 61c526ea, inst/models/full_model/. model.json holds the intercept and 16,633 betas (279 non-zero including the intercept); covariateImportance.csv holds the same coefficients unrounded plus a covariateName, analysisId and conceptId for each; preprocessing.json holds the normFactors applied at predict time; trainDetails.json names cdm_optum_ehr_v1705 and the 4,777,606-patient attrition. The prediction function is PatientLevelPrediction's predictCyclopsType, in R/CyclopsModels.R.",Yes,"CHECKED 2026-08-14, route 1, against PatientLevelPrediction 6.6.0 itself: the reference values come from loadPlpModel + predictPlp on the study package's own model directory, so the vendor's whole predict path runs, covariate deletion, normalisation by normFactors, the join on covariateId, the dot…",pytest tests/parity/test_optum_lung_lasso_parity.py::test_matches_patient_level_prediction,"coded smoking status, then age band",tests/parity/reference/optum_lung_lasso_reference.R,tests/parity/reference/optum_lung_lasso_cases.json,"The fitted model itself, not the paper: inst/models/full_model/model.json in the Apache-2.0 study package, which is the artifact PatientLevelPrediction loads and scores with. The paper prints no coefficient table, it reports AUCs and names the top predictors, so the package is the only complete statement of the equation, and it is a machine-readable one.","Chandran U, Reps J, Yang R, Vachani A, Maldonado F, Kalsekar I. Machine Learning and Real-World Data to Predict Lung Cancer Risk in Routine Care. Cancer Epidemiol Biomarkers Prev. 2023;32(3):337-343",public code,279,"Optum de-identified EHR (cdm_optum_ehr_v1705): patients aged 45-65 with a 2013 outpatient visit, at least 365 days of prior observation and no prior lung cancer; 4,777,606 patients and 3,661 outcomes. Predicts a FIRST lung cancer diagnosis in days 1-1095 after the index visit. Three things to know before pointing it at data. (1) The inputs are OMOP covariateIds, not clinical variables, so the caller must already be extracting FeatureExtraction covariates under the settings in modelDesign.json, a different lookback window makes the same id mean something else. (2) Absence and zero are indistinguishable: the covariate set was built with missingMeansZero, so an under-coded record scores like a healthy one, and this is the failure mode to watch in deployment rather than a miscalibrated coefficient. (3) The model learned one vendor's coding habits. Its fourth and fifth largest coefficients are a body-temperature measurement (-0.8444) and a temperature observation (+0.8025), the same clinical fact filed in two OMOP domains, with opposite signs. That is care-utilisation and documentation signal, not lung biology. It survived external validation (AUC 0.81 in the Mercy EHR) but that is not a guarantee for a third database.",cancerverse_baseline.lung.detection.optum_lung_lasso
Lung cancer,Response,"LIPI (Lung Immune Prognostic Index, ICI outcomes)",Points table,"Two-item binary index: derived neutrophil-lymphocyte ratio >3 and LDH above the upper limit of normal each score 1, giving 3 risk groups.","score = [dNLR > 3] + [LDH > ULN]      (0–2)

  dNLR = neutrophils / (leukocytes − neutrophils)
  0 good · 1 intermediate · 2 poor",2018,"n/a as a c-index - LIPI is a 3-group ordinal stratifier and the paper reports no concordance or AUC anywhere. Its evidence is separation: median OS 34 / 10 / 3 months for good / intermediate / poor (P < .001), median PFS 6.3 / 3.7 / 2.0 months, and independent HRs of 2.51 (LDH > ULN) and 2.22 (dNLR > 3)","Yes, routine EHR fields. LDH and a differential white count, with the local upper limit of normal.",not recorded yet,,"Mezquita, L., Auclin, E., Ferrara, R., Charrier, M., Remon, J., Planchard, D., Ponce, S., Ares, L. P., Leroy, L., Audigier-Valette, C., Felip, E., Zerón-Medina, J., Garrido, P., Brosseau, S., Zalcman, G., Mazieres, J., Caramela, C., Lahmar, J., Adam, J., . . . Besse, B. (2018). Association of the Lung Immune Prognostic Index With Immune Checkpoint Inhibitor Outcomes in Patients With Advanced Non-Small Cell Lung Cancer. JAMA Oncology, 4(3), 351-357. https://doi.org/10.1001/jamaoncol.2017.4771","A two-item definition rather than a fitted equation, so there is no coefficient table, confirmed, the paper has only Table 1 (""Multivariate Analysis for Overall Survival in the Immunotherapy Pooled Cohort (Bootstrap Internal Validation)"") and Table 2 (""Logistic Regression of Clinical Benefit (Disease Control Rate) in the Immunotherapy Pooled Cohort""), neither of which assigns weights. A precise locus does exist and is prose: Methods, ""Patients"" subsection, final paragraph, print page 353, immediately before ""Statistical Analysis"". Verbatim: ""The LIPI was developed on the basis of dNLR greater than 3 and LDH greater than ULN, characterizing 3 groups (good, 0 factors; intermediate, 1 factor; poor, 2 factors)."" The dNLR formula is not in that paragraph, it is in the Introduction, page 352: ""derived neutrophil to lymphocyte ratio (dNLR; absolute neutrophil count/[white blood cell concentration - absolute neutrophil count])"". Trap: Table 1's row label reads ""Derived neutrophil/lymphocyte ratio"", which contradicts the Introduction's definition. Anyone citing Table 1 alone will implement an ordinary NLR.",Yes,"No worked example exists. LIPI is a two-item binary index, so there is no arithmetic to reproduce beyond the rule itself",pytest tests/parity/test_lipi_parity.py::test_every_cell_of_the_published_truth_table,dNLR > 3,,,"dNLR > 3 = 1 point, LDH > ULN = 1 point; 0/1/2 = good/intermediate/poor. dNLR = neutrophils / (leukocytes - neutrophils)","Mezquita L et al., Lung Immune Prognostic Index",paper only,2,also used on the prognosis axis,cancerverse_baseline.lung.response.lipi
Lung cancer,Prognosis,LIPI (prognostic use in advanced NSCLC),Points table,"The same two-item binary index, applied prognostically in advanced NSCLC rather than to immunotherapy response.","score = [dNLR > 3] + [LDH > ULN]      (0–2)

  the same index, used prognostically rather than to predict
  immunotherapy benefit",2018,"n/a as a c-index - LIPI is a 3-group ordinal stratifier and the paper reports no concordance or AUC anywhere. Its evidence is separation: median OS 34 / 10 / 3 months for good / intermediate / poor (P < .001), median PFS 6.3 / 3.7 / 2.0 months, and independent HRs of 2.51 (LDH > ULN) and 2.22 (dNLR > 3)","Yes, routine EHR fields. Same two values as the response model.",not recorded yet,,"Mezquita, L., Auclin, E., Ferrara, R., Charrier, M., Remon, J., Planchard, D., Ponce, S., Ares, L. P., Leroy, L., Audigier-Valette, C., Felip, E., Zerón-Medina, J., Garrido, P., Brosseau, S., Zalcman, G., Mazieres, J., Caramela, C., Lahmar, J., Adam, J., . . . Besse, B. (2018). Association of the Lung Immune Prognostic Index With Immune Checkpoint Inhibitor Outcomes in Patients With Advanced Non-Small Cell Lung Cancer. JAMA Oncology, 4(3), 351-357. https://doi.org/10.1001/jamaoncol.2017.4771","Same two-item definition as the response cell: Methods, ""Patients"" subsection, final paragraph, print page 353, with the dNLR formula in the Introduction on page 352. See `lipi` for the full note, including the Table 1 label trap.",Yes,"No worked example exists. LIPI is a two-item binary index, so there is no arithmetic to reproduce beyond the rule itself",pytest tests/parity/test_lipi_parity.py::test_every_cell_of_the_published_truth_table,dNLR and LDH equally,,,"same two-item score as the response cell, dNLR > 3 = 1 pt, LDH > ULN = 1 pt; 0/1/2 = good/intermediate/poor. Developed and validated for overall survival as well as ICI benefit.","Mezquita L et al., Lung Immune Prognostic Index",paper only,2,one model occupies two cells; the prognosis cell re-exports the response module rather than duplicating the score,cancerverse_baseline.lung.prognosis
Ovarian cancer,Prediction,"RMI 1-4 (Risk of Malignancy Index, adnexal triage)",Multiplicative index,"A product, not a sum: ultrasound feature score x menopausal-status score x serum CA125, compared against a single threshold.","RMI = U × M × CA-125           (RMI 4 adds × S)

  U  ultrasound feature score
  M  menopausal status score
  S  tumour-size score, RMI 4 only
  refer above 200 (RMI 1–3) or 450 (RMI 4)",1990,we have not read this from the paper yet,"Partly, needs pathology, imaging or a send-out assay. Same ultrasound score and CA-125, plus menopausal status.",not recorded yet,,"Jacobs, I., Oram, D., Fairbanks, J., Turner, J., Frost, C., & Grudzinskas, J. G. (1990). A risk of malignancy index incorporating CA 125, ultrasound and menopausal status for the accurate preoperative diagnosis of ovarian cancer. British Journal of Obstetrics and Gynaecology, 97(10), 922-9. https://doi.org/10.1111/j.1471-0528.1990.tb02448.x","Four separate papers, one per RMI version (Jacobs 1990, Tingulstad 1996 and 1999, Yamamoto 2009). Per-paper locations not captured.",Yes,exact integer arithmetic (U x M x CA125) with no fitted coefficients; all four variants' scoring rules verified against their respective derivation papers,pytest tests/test_ovarian_detection_rmi.py::test_rmi1_worked_example,CA-125,,,"RMI = U x M x CA125. RMI 1 (Jacobs 1990, doi:10.1111/j.1471-0528.1990.tb02448.x): U 0/1/3, M 1/3, cutoff 200. RMI 2 (Tingulstad 1996): U 1/4, M 1/4. RMI 3 (Tingulstad 1999): U 1/3, M 1/3. RMI 4 (Yamamoto 2009): adds size term S, cutoff 450.",Jacobs I et al. Br J Obstet Gynaecol. 1990;97:922-929,paper only,not counted,ROMA is implemented separately as its own entry.,cancerverse_baseline.ovarian.detection.rmi
Ovarian cancer,Prediction,IOTA ADNEX (five-category adnexal mass classification),Logistic regression,"Multinomial logistic regression over five diagnoses, fitted as four linear predictors against benign as the reference and combined by softmax.","P(kᵗʰ) = e^zₖ / (1 + Σⱼ e^zⱼ),   P(benign) = 1 / (1 + Σⱼ e^zⱼ)

  z₁..z₄  borderline · stage I · stage II-IV · metastatic, each vs benign
  CA-125 and lesion diameter enter as log₂
  solid/lesion diameter ratio enters linearly AND squared",2014,AUC 0.943 benign vs any malignant on validation; 0.99 benign vs stage II-IV; 0.85 benign vs borderline,"Partly, needs pathology, imaging or a send-out assay. Age and CA-125 are routine; the six ultrasound features (lesion and solid diameters, locules, papillary structures, acoustic shadows, ascites) come from the radiology report. Same tier as the RMI it replaces, so no new data is needed. Type of centre is a site constant, not a patient field.","IOTA phase 3 pooled data, 3,506 women with an adnexal mass",,"Van Calster, B., Van Hoorde, K., Valentin, L., Testa, A. C., Fischerova, D., Van Holsbeke, C., Savelli, L., Franchi, D., Epstein, E., Kaijser, J., Van Belle, V., Czekierdowski, A., Guerriero, S., Fruscio, R., Lanzani, C., Scala, F., Bourne, T., Timmerman, D., & International Ovarian Tumour Analysis Group (2014). Evaluating the risk of ovarian cancer before surgery using the ADNEX model to differentiate between benign, borderline, early and advanced stage invasive, and secondary metastatic tumours: prospective multicentre diagnostic study. BMJ (Clinical Research Ed.), 349, g5920. https://doi.org/10.1136/bmj.g5920","Supplement, Appendix D (p. 246 of the extracted text), titled 'The formula of the ADNEX model after retraining on the pooled data'. The main text's Table 5 gives odds ratios only and is NOT sufficient to implement from.",No,"RELABELED 2026-08-17: the ""route 5"" description undersold what the cited test actually does",pytest tests/test_ovarian_detection_adnex.py::test_the_four_linear_predictors_match_appendix_d_by_hand,solid component,,,"BMJ 2014;349:g5920, supplementary Appendix D, 'The formula of the ADNEX model after retraining on the pooled data', the retrained pooled model, which is the one the published performance refers to. All four linear predictors printed in full with 44 coefficients.","Van Calster B, Van Hoorde K, Valentin L, et al. Evaluating the risk of ovarian cancer before surgery using the ADNEX model to differentiate between benign, borderline, early and advanced stage invasive, and secondary metastatic tumours. BMJ. 2014;349:g5920",paper only,44,,cancerverse_baseline.ovarian.detection.adnex
Ovarian cancer,Prediction,"ROMA (Risk of Ovarian Malignancy Algorithm, HE4 + CA125)",Logistic regression,Two menopause-stratified logistic regressions on ln(HE4) and ln(CA125); the stratum picks which of the two 3-coefficient models applies.,"PI = a + b · ln(HE4) + c · ln(CA-125)

  p  = e^PI / (1 + e^PI)
  separate (a, b, c) and cut-off per menopausal status",2009,we have not read this from the paper yet,"Partly, needs pathology, imaging or a send-out assay. CA-125 is routine; HE4 is a send-out assay and is platform-specific; and menopausal status has to be inferred, because no record codes it. ROMA takes no ultrasound score, that is RMI, and this entry listed RMI's inputs until 2026-08-07.",not recorded yet,,"Moore, R. G., McMeekin, D. S., Brown, A. K., DiSilvestro, P., Miller, M. C., Allard, W. J., Gajewski, W., Kurman, R., Bast, R. C., & Skates, S. J. (2009). A novel multiple marker bioassay utilizing HE4 and CA125 for the prediction of ovarian cancer in patients with a pelvic mass. Gynecologic Oncology, 112(1), 40-6. https://doi.org/10.1016/j.ygyno.2008.08.031","'Statistical Analysis' section, both indices printed inline: premenopausal PI = -12.0 + 2.38*LN(HE4) + 0.0626*LN(CA125); postmenopausal PI = -8.09 + 1.04*LN(HE4) + 0.732*LN(CA125). The PP thresholds (13.1% premenopausal, 27.7% postmenopausal) are in the same section.",Yes,CHECKED 2026-08-05 at the equation level,pytest tests/test_ovarian_detection_roma.py::test_coefficients_corroborated_by_the_assay_insert,CA-125,,,"Gynecol Oncol 2009;112(1):40-46, Statistical analysis section, premenopausal PI = -12.0 + 2.38*LN(HE4) + 0.0626*LN(CA125); postmenopausal PI = -8.09 + 1.04*LN(HE4) + 0.732*LN(CA125); PP = exp(PI)/(1+exp(PI)); high risk if PP > 13.1% (pre) or > 27.7% (post)","Moore RG, McMeekin DS, Brown AK, et al. Gynecol Oncol. 2009;112(1):40-46",paper only,6,"assay-specific (Architect CA125II, HE4 EIA); cut-offs do not transfer across platforms. Premenopausal discrimination is materially worse (sensitivity 67-76%) than postmenopausal (92%)",cancerverse_baseline.ovarian.detection.roma
Ovarian cancer,Prognosis,"MSK ovarian nomogram (5-year survival after primary surgery, bulky stage IIIC)",Survival (Cox),Cox proportional hazards with a restricted cubic spline on age; five-level residual-disease term whose reference is the MIDDLE category (0.5-1 cm).,"S(5y) = 0.4284861^exp(Xβ)

  Xβ   spline on age, plus grade, histology, platelets, ascites
       and residual-disease diameter
  residual disease reference is 0.5–1 cm, the MIDDLE category",2008,"Bootstrap-corrected concordance index 0.67, against 0.53 for the previously published model for this stage. Internal validation only, no external cohort","Partly, needs pathology, imaging or a send-out assay. Grade, histology, platelets and residual disease diameter, plus ascites, the last two from the operative note.",Memorial Sloan Kettering bulky stage IIIC series,https://github.com/ClevelandClinicQHS/riskcalc-website/tree/main/OvarianCancerPredictSurvivalAfterSurgforBulkyStageIIICCarc,"Chi, D. S., Palayekar, M. J., Sonoda, Y., Abu-Rustum, N. R., Awtrey, C. S., Huh, J., Eisenhauer, E. L., Barakat, R. R., & Kattan, M. W. (2008). Nomogram for survival after primary surgery for bulky stage IIIC ovarian carcinoma. Gynecologic Oncology, 108(1), 191-4. https://doi.org/10.1016/j.ygyno.2007.09.020","NOT IN THE PAPER as a closed form. Coefficients from ClevelandClinicQHS/riskcalc-website/tree/main/OvarianCancerPredictSurvivalAfterSurgforBulkyStageIIICCarc, which riskcalc.org's own page attributes to the cited publication. The paper DOES print a nomogram (Fig. 1) and two worked examples, and those disagree with the deployed source on the age term, see `nomogram_check`.",Yes,"Route 1, CHECKED 2026-08-06 against the vendor's own deployed R: the reference script copies the model expression VERBATIM from riskcalc.org's server.R and runs it under R 4.6.1, so the comparison is against their arithmetic rather than our reading of it",pytest tests/parity/test_msk_ovarian_parity.py::test_matches_the_vendor_r,age,tests/parity/reference/msk_ovarian_reference.R,tests/parity/reference/msk_ovarian_cases.json,"Coefficients from the deployed calculator's published R source at https://github.com/ClevelandClinicQHS/riskcalc-website/tree/main/OvarianCancerPredictSurvivalAfterSurgforBulkyStageIIICCarc, which riskcalc.org's own page cites to the publication above.","Chi DS, Palayekar MJ, Sonoda Y, Abu-Rustum NR, Awtrey CS, Huh J, Eisenhauer EL, Barakat RR, Kattan MW. Nomogram for survival after primary surgery for bulky stage IIIC ovarian carcinoma. Gynecol Oncol. 2008;108(1):191-194",public code,not counted,"Bulky stage IIIC ovarian carcinoma after primary surgery. Validated ranges enforced: age 22-87, pre-operative platelets 113-1078 x10^3/uL. The hosted tool labels its histology input only 'Tumor Histology' with Yes/No, so what the Yes means is not recoverable from the code, read Chi 2008 before clinical use.",cancerverse_baseline.ovarian.prognosis.msk_ovarian
Pancreatic cancer,Prediction,END-PAC (pancreatic cancer risk in new-onset diabetes),Points table,"Additive integer point score from 3 terms: blood-glucose CATEGORY change, weight change over the year, and age at diabetes onset.","total = ΔBG_category + weight_score + age_score      (−6 … 11)

  ΔBG    category difference, NOT mg/dL   (1–4)
  weight LOSS scores positive             (−6 … +6)
  age    ≤59 → −1,  60–69 → 0,  ≥70 → +1
  ≥3 high risk · 1–2 intermediate · ≤0 extremely low",2018,AUROC 0.87 (discovery),"Yes, routine EHR fields. Two glucose values a year apart, weight change and age, all of it longitudinal EHR data, which is unusual among these models and a good fit.","Rochester Epidemiology Project; discovery 64 pancreatic cancers vs 192 type 2 diabetes, validation 1,096 with 9 cancers (0.82%)",,"Sharma, A., Kandlakunta, H., Nagpal, S. J. S., Feng, Z., Hoos, W., Petersen, G. M., & Chari, S. T. (2018). Model to Determine Risk of Pancreatic Cancer in Patients With New-Onset Diabetes. Gastroenterology, 155(3), 730-739.e3. https://doi.org/10.1053/j.gastro.2018.05.023","Table 1, titled 'Enriching New-onset Diabetes for Pancreatic Cancer (END-PDAC) score parameters', note the table says END-PDAC, not END-PAC. Described under 'Patients and Methods'. The three risk-group cut-offs are never listed together in one sentence, which is the direct cause of this project's <0 versus <=0 ambiguity.",No,"RELABELED 2026-08-17: both routes used here check the implementation against the SAME primary source it was built from, not against anything independent, so ""checked"" overclaimed what was actually done, docs/VERIFICATION.md says as much already (""No external source was involved"")",pytest tests/parity/test_endpac_parity.py::test_the_published_group_proportions_sum_to_one_hundred,weight change,,,"Gastroenterology 2018;155(3):730-739.e3, Table 1 (END-PAC score parameters), read from the NIH author manuscript. Three additive terms: blood-glucose CATEGORY difference (range 1-4), weight change over the preceding year (-6..+6, loss scores positive), age at diabetes onset (-1..+1). Total -6..11; >=3 high risk, <=0 extremely low risk. this field still read the pre-fix ""<0"" threshold after parity_note and core_formula were both corrected to ""<=0"" on 2026-08-06, three fields describing the one defect this project caught had drifted out of sync with each other.","Sharma A, Kandlakunta H, Nagpal SJS, et al. Gastroenterology. 2018;155(3):730-739.e3",paper only,not counted,Adults with glycemically-defined new-onset diabetes (validation in >=50-year-olds). Enriches an already-selected group; NOT a general-population screen.,cancerverse_baseline.pancreatic.detection.endpac
Pancreatic cancer,Prognosis,MSK pancreatic nomogram (disease-specific survival after resection),Survival (Cox),"Cox proportional hazards with restricted cubic splines on positive-node count and tumour size, plus ten categorical and binary terms; three published horizons.","S(t) = S₀(t)^exp(Xβ)

  S₀ = 0.6775     at 12 months
       0.3457804  at 24 months
       0.1976732  at 36 months
  Xβ   splines on positive-node count and tumour size, plus ten
       categorical and binary terms; T stage is non-monotone",2004,"Bootstrap-corrected concordance index 0.64 internally (200 resamples, on the 555-patient MSK development cohort); externally, 0.62 at Massachusetts General Hospital (n=424, 375 with complete data, JCO 2005) against 0.59 for AJCC stage, p=0.004; 0.61 in a second independent cohort (Br J Surg 2009)","Partly, needs pathology, imaging or a send-out assay. Fourteen operative and pathology fields, including margin status, splenectomy and portal vein resection. All in an operative note; few are structured.",Memorial Sloan Kettering pancreatic resection series,https://github.com/ClevelandClinicQHS/riskcalc-website/tree/main/PancreaticCancer1YrSurvivalAfterResectionforAdenocarcinoma,"Brennan, M. F., Kattan, M. W., Klimstra, D., & Conlon, K. (2004). Prognostic nomogram for patients undergoing resection for adenocarcinoma of the pancreas. Annals of Surgery, 240(2), 293-8. https://doi.org/10.1097/01.sla.0000133125.85489.07",NOT IN THE PAPER as a closed form. Coefficients from ClevelandClinicQHS/riskcalc-website/tree/main/PancreaticCancer1YrSurvivalAfterResectionforAdenocarcinoma.,Yes,"Route 1, CHECKED 2026-08-06 against the vendor's own deployed R: the reference script copies the model expression VERBATIM from riskcalc.org's server.R and runs it under R 4.6.1, so the comparison is against their arithmetic rather than our reading of it",pytest tests/parity/test_msk_pancreatic_parity.py::test_matches_the_vendor_r,T stage,tests/parity/reference/msk_pancreatic_reference.R,tests/parity/reference/msk_pancreatic_cases.json,"Coefficients from the deployed calculator's published R source at https://github.com/ClevelandClinicQHS/riskcalc-website/tree/main/PancreaticCancer1YrSurvivalAfterResectionforAdenocarcinoma, which riskcalc.org's own page cites to the publication above.","Brennan MF, Kattan MW, Klimstra D, Conlon K. Ann Surg. 2004;240(2)",public code,not counted,"After resection for adenocarcinoma of the pancreas. Validated ranges enforced: age 33-89, positive nodes 0-39, negative nodes 0-83, size 0.1-16 cm.",cancerverse_baseline.pancreatic.prognosis.msk_pancreatic
Prostate cancer,Prediction,"ERSPC RC3 (DRE-volume, biopsy-naïve)",Logistic regression,"Multivariable logistic regression: weighted sum of 3 predictors (log2 PSA, log2 prostate volume, DRE) pushed through a logistic link to a probability.","logit(p) = −1.826
           + 1.024 · (log₂ PSA − 2.0)
           − 1.500 · (log₂ volume_class − 5.4)
           + 0.992 · DRE",2012,AUC 0.61–0.77 across validation cohorts,"Yes, routine EHR fields. PSA, prostate volume and the DRE finding.",not recorded yet,,"Roobol, M. J., Schröder, F. H., Hugosson, J., Jones, J. S., Kattan, M. W., Klein, E. A., Hamdy, F., Neal, D., Donovan, J., Parekh, D. J., Ankerst, D., Bartsch, G., Klocker, H., Horninger, W., Benchikh, A., Salama, G., Villers, A., Freedland, S. J., Moreira, D. M., . . . Steyerberg, E. W. (2012). Importance of prostate volume in the European Randomised Study of Screening for Prostate Cancer (ERSPC) risk calculators: results from the prostate biopsy collaborative group. World Journal of Urology, 30(2), 149-55. https://doi.org/10.1007/s00345-011-0804-y","Appendix, under the heading 'Formulas used to calculate volume classes and the DRE ERSPC RC risks'. Printed there as lpDRE_ERSPC_riskcalc = -1.826 + 1.024 x (log2(PSA) - 2.0) - 1.50 x (log2(volumeclasses) - 5.4) + 0.992 x DRE, which matches this library's coefficients term for term.",Yes,CHECKED 2026-08-05 by extracting the coefficients from SWOP's own Flash calculator (/2011/swf/c03dre.swf),pytest tests/parity/test_r_reference_parity.py::test_erspc_rc3_coefficients_match_swop_flash_calculator,PSA,tests/parity/reference/swop_rc3_swf_extract.py,,Roobol/PBCG World J Urol 2012 appendix; PMC3321270,Roobol MJ et al. World J Urol. 2012;30(2):149-155. PMC3321270,web calculator only,4,,cancerverse_baseline.prostate.detection.erspc_rc3
Prostate cancer,Prediction,"Extended PBCG (high-grade prostate cancer on biopsy, 1,024 sub-models)",Logistic regression,"Binary logistic regression for high-grade disease, fitted 1,024 times, once for every pattern of the ten optional predictors. The pattern selects the sub-model; nothing is imputed.","p(high grade) = 1 / (1 + e^(−Xβ))

  Xβ   from one of 1,024 fitted sub-models
  the sub-model is chosen by WHICH of the ten optional
  predictors were supplied, not by imputing the rest
  PSA and prostate volume enter as log₂",2022,"AUC 75.7 (95% CI 74.4-77.1) in external validation, against 66.9 (65.4-68.5) for the 2018 PBCG on the SAME validation set; internal cross-validation median 80, range 74-84","Yes, routine EHR fields. Requires only age and PSA. The other ten predictors are optional, and each pattern of them has its own fitted sub-model, 1,024 in all, so a record missing family history is scored by the model fitted without it rather than by imputing one. This is the design an EHR deployment wants.","Prostate Biopsy Collaborative Group: up to 12,703 biopsies across ten international cohorts, with the full 12-factor model fitted on 1,334 biopsies from three cohorts",https://media.springernature.com/original/springer-static/esm/art%3A10.1186%2Fs12874-022-01674-x/MediaObjects/12874_2022_1674_MOESM2_ESM.txt,"Neumair, M., Kattan, M. W., Freedland, S. J., Haese, A., Guerrios-Rivera, L., De Hoedt, A. M., Liss, M. A., Leach, R. J., Boorjian, S. A., Cooperberg, M. R., Poyet, C., Saba, K., Herkommer, K., Meissner, V. H., Vickers, A. J., & Ankerst, D. P. (2022). Accommodating heterogeneous missing data patterns for prostate cancer risk prediction. BMC Medical Research Methodology, 22(1), 200. https://doi.org/10.1186/s12874-022-01674-x","Additional file 2 (12874_2022_1674_MOESM2_ESM.txt), the full coefficient matrix and risk() function. Table 3 of the main text prints odds ratios for the full, standard and minimal models, which is what the main text carries.",Yes,"CHECKED 2026-08-07, route 1, against the authors' OWN published R rather than a vendor deployment, the strongest provenance in this library",pytest tests/parity/test_pbcg_extended_parity.py::test_matches_the_published_r,PSA,tests/parity/reference/pbcg_extended_reference.R,tests/parity/reference/pbcg_extended_cases.json,"Additional file 2 of the article itself (CC BY 4.0), the complete 1,024 x 13 coefficient matrix and the risk() function, published as journal supplementary material rather than taken from a deployment.","Neumair M, Kattan MW, Freedland SJ, et al. Accommodating heterogeneous missing data patterns for prostate cancer risk prediction. BMC Med Res Methodol. 2022;22(1):200",public code,8192,"Prostate Biopsy Collaborative Group, ten international cohorts of men referred for biopsy. Predicts HIGH-GRADE disease only (Gleason grade group >= 2); it does not report risk of any cancer, which the 2018 predecessor did. Age and PSA are mandatory. The 2018 version was found on external validation to over-predict in Black and other groups; that has not been re-tested here for this version. CAUTION, measured across all 1,024 sub-models: the African-ancestry coefficient CHANGES SIGN depending on which optional fields are supplied. It is protective in 412 sub-models and harmful in 100. OR 0.68 in the full 12-factor model (1,334 biopsies, p=0.08) against OR 1.26 in the six-factor one (8,432 biopsies, p=0.0005). Which sub-model a patient lands in is decided by what the caller happened to fill in, so supplying MORE data can move this term from harmful to protective. Do not read the term as a population effect.",cancerverse_baseline.prostate.detection.pbcg_extended
Prostate cancer,Prediction,PBCG (Prostate Biopsy Collaborative Group; no cancer / low grade / high grade),Logistic regression,"Multinomial logistic regression over three outcomes (no cancer, Gleason 6, Gleason 7+), with eight fitted coefficient sets so a record missing prior biopsy, DRE or family history uses the model fitted without it rather than an imputed value.","S₁ = β_low · x        S₂ = β_high · x

  P(no cancer)  = 1 / (1 + e^S₁ + e^S₂)
  P(low grade)  = e^S₁ / (1 + e^S₁ + e^S₂)
  P(high grade) = e^S₂ / (1 + e^S₁ + e^S₂)

  x = [1, log₂PSA, age, African ancestry, + known optionals]
  one of 8 coefficient sets, by which optionals are known",2018,"AUC 75.5% internal validation, 72.3% external (vs 72.3%/69.7% for PCPTRC 2.0)","Yes, routine EHR fields. Age, PSA and DRE are routine at the point a biopsy is being considered, and prior-biopsy status is in the record whenever there was one. African ancestry and family history are the two that are inconsistently coded, and the model does not require them: there are eight fitted sub-models, one per pattern of missing prior-biopsy / DRE / family-history data, so a record missing those is scored by the sub-model fitted without them rather than by imputation.","15,611 men undergoing 16,369 biopsies at eight North American institutions 2006-2017; validated at three European institutions",https://github.com/ClevelandClinicQHS/riskcalc-website/tree/main/PBCG,"Ankerst, D. P., Straubinger, J., Selig, K., Guerrios, L., De Hoedt, A., Hernandez, J., Liss, M. A., Leach, R. J., Freedland, S. J., Kattan, M. W., Nam, R., Haese, A., Montorsi, F., Boorjian, S. A., Cooperberg, M. R., Poyet, C., Vertosick, E., & Vickers, A. J. (2018). A Contemporary Prostate Biopsy Risk Calculator Based on Multiple Heterogeneous Cohorts. European Urology, 74(2), 197-203. https://doi.org/10.1016/j.eururo.2018.05.003","NOT IN THE PAPER as a closed form. The coefficients are in the deployed calculator's R source, ClevelandClinicQHS/riskcalc-website/tree/main/PBCG, as eight coefficient sets (one per missing-data pattern). Establishing this by parity against that source is what verified the model.",Yes,"CHECKED 2026-08-06 against the vendor's own deployed R, route 1",pytest tests/parity/test_pbcg_parity.py::test_matches_the_vendor_r,PSA,tests/parity/reference/pbcg_reference.R,tests/parity/reference/pbcg_cases.json,"Coefficients from the deployed calculator's published R source at https://github.com/ClevelandClinicQHS/riskcalc-website/tree/main/PBCG. Multinomial logistic with 'no cancer' as the reference outcome, and EIGHT coefficient sets, one per pattern of missing prior-biopsy / DRE / family-history data.","Ankerst DP, Straubinger J, Selig K, et al. Eur Urol. 2018;74(2):197-203",public code,88,"Men undergoing prostate biopsy. Predicts high-grade (Gleason 7+) separately from any cancer, which is the actionable question. NOT strictly better than ERSPC RC3: external validation found PBCG improved calibration in White men but OVER-PREDICTED in Black and other groups at most thresholds, so both are kept.",cancerverse_baseline.prostate.detection.pbcg
Prostate cancer,Response,"Dutasteride chemoprevention (9 outcomes x 2 arms, benefit and harm)",Survival (Cox),"Seventeen Cox sub-models: nine outcomes each predicted on and off dutasteride, with restricted cubic splines and per-outcome applicability bounds, so the reported quantity is the treated-minus-untreated difference rather than either risk.","risk = 1 − S₀^exp(score)        per outcome, per arm

  difference = on-drug − off-drug
               negative is benefit, positive is harm
  9 outcomes × 2 arms (ASAP has only the on-drug arm)",2012,"Concordance index by outcome, placebo/dutasteride: high-grade PCa 0.69/0.71, BPH symptoms 0.70/0.60, acute urinary retention 0.66/0.62, any PCa 0.62/0.61, erectile dysfunction 0.59/0.60, UTI 0.55/0.51, HGPIN 0.53/0.47, gynecomastia 0.52/0.52, ASAP 0.48/0.53. Four of the nine are at or below chance in at least one arm and the paper says so","No, needs questionnaire or patient-reported items. Sexual activity, history of impotence and of libido problems, IPSS symptom score, maximum urinary flow and post-void residual volume. Urology questionnaires and urodynamics, not routine records.",REDUCE trial: men with a prior negative 6- to 12-core prostate biopsy,https://github.com/ClevelandClinicQHS/riskcalc-website/tree/main/ProstateCancerConsideringDutasteride,"Nguyen, C. T., Isariyawongse, B., Yu, C., & Kattan, M. W. (2012). The REDUCE metagram: a comprehensive prediction tool for determining the utility of dutasteride chemoprevention in men at risk for prostate cancer. Frontiers in Oncology, 2, 138. https://doi.org/10.3389/fonc.2012.00138","NOT IN THE PAPER as a closed form. 315 coefficients across 17 Cox sub-models, machine-extracted from ClevelandClinicQHS/riskcalc-website/tree/main/ProstateCancerConsideringDutasteride by tests/parity/reference/dutasteride_extract.py.",Yes,"CHECKED 2026-08-06 against the vendor's own deployed R, route 1",pytest tests/parity/test_dutasteride_parity.py::test_matches_the_vendor_r,,tests/parity/reference/dutasteride_extract.py,tests/parity/reference/dutasteride_cases.json,"Coefficients machine-extracted from the deployed calculator's published R source at https://github.com/ClevelandClinicQHS/riskcalc-website/tree/main/ProstateCancerConsideringDutasteride by tests/parity/reference/dutasteride_extract.py. 17 Cox sub-models (9 outcomes x 2 arms, minus one missing arm), 315 coefficients, each risk = 1 - S0^exp(score) with its own predictor subset, spline knots and applicability bounds.","Nguyen CT, Isariyawongse B, Yu C, Kattan MW, models for men with a prior negative biopsy considering dutasteride (REDUCE)",public code,315,"Men with a prior negative 6- to 12-core biopsy in the past 6 months (REDUCE). Nine outcomes, three of them harms (erectile dysfunction, gynecomastia, urinary tract infection). It reproduces REDUCE's central finding that dutasteride LOWERS overall prostate cancer but RAISES high-grade disease, a model reporting only the overall reduction would answer half the question. Applicability bounds differ per outcome, so a patient can be answerable for some outcomes and not others; unanswerable ones return None rather than a guess.",cancerverse_baseline.prostate.response.dutasteride
Prostate cancer,Prognosis,UCSF-CAPRA (preoperative recurrence risk),Points table,"Additive integer point score (0-10) distilled from a Cox model; at prediction time it is table lookup and addition, with no regression evaluated.","total = PSA + Gleason + T-stage + %positive-cores + age   (0–10)

  PSA      2.1–6 → 0, 6.1–10 → 1, 10.1–20 → 2, 20.1–30 → 3, >30 → 4
  Gleason  0, 1 or 3, there is no 2-point level
  0–2 low · 3–5 intermediate · 6–10 high",2005,Concordance index 0.66,"Partly, needs pathology, imaging or a send-out assay. PSA and age are routine; Gleason grades, T stage and percent positive cores come from the pathology report.",not recorded yet,,"Cooperberg, M. R., Pasta, D. J., Elkin, E. P., Litwin, M. S., Latini, D. M., Du Chane, J., & Carroll, P. R. (2005). The University of California, San Francisco Cancer of the Prostate Risk Assessment score: a straightforward and reliable preoperative predictor of disease recurrence after radical prostatectomy. The Journal of Urology, 173(6), 1938-42. https://doi.org/10.1097/01.ju.0000158155.33890.e7","Table 1, 'The UCSF-CAPRA scoring system'. Described in Methods under 'Development of the UCSF Cancer of the Prostate Risk Assessment (UCSF-CAPRA)'. The printed points match this library: PSA 0-4, Gleason 0/1/3 (no 2-point level), T stage 0-1, percent positive biopsies 0-1 at the 34% threshold, age 0-1 at 50.",Yes,"CHECKED 2026-08-05 against MDCalc's published point schema, entry by entry across all five fields (PSA 5 bands, Gleason 0/1/3 with no 2-point level, T-stage, percent cores, age)",pytest tests/parity/test_r_reference_parity.py::test_capra_point_table_matches_mdcalc,PSA,tests/parity/reference/mdcalc_extract.py,,"J Urol 2005;173(6):1938-1942, PMC2948569 Table 1. PSA 0-4, Gleason 0/1/3, T-stage 0-1, percent positive cores 0-1, age 0-1; total 0-10",Cooperberg MR et al. J Urol. 2005;173(6):1938-1942,web calculator only,16,"preoperative CAPRA only; CAPRA-S (postoperative, Cancer 2011) not implemented. The 0-2/3-5/6-10 risk banding this returns is a downstream convention and is NOT defined in Cooperberg 2005, which groups scores as 0-1/2/3/4/5/6/>=7 (Table 4); only the point table is that paper's Table 1. The paper does publish score-to-outcome tables (Tables 3-4) which this library has not transcribed, which is why `risk` is None.",cancerverse_baseline.prostate.prognosis.capra
