Model,Model id,Disease,Question,Parameter,As the paper prints it,Rank,Coefficient,Points,Units,Transform / preprocessing,Kind of transform,Reference level,Effect size the paper reports,Change in c-statistic (paper),Measured swing,Share of model swing,What will otherwise be misread
"ERSPC RC3 (DRE-volume, biopsy-naïve)",erspc_rc3,Prostate cancer,Prediction,(intercept),Intercept,,-1.826,,logit,1,none,,,,,,"Sets the risk of a biopsy-naive man at the centering point. PSA 4 ng/mL (log2 = 2.0), volume class 40 mL (log2 = 5.32, near 5.4), negative DRE. That patient is at logit -1.826, i.e. about 14%."
"ERSPC RC3 (DRE-volume, biopsy-naïve)",erspc_rc3,Prostate cancer,Prediction,psa,PSA,1,1.024,,ng/mL,log2(PSA) - 2.0,log2,,,,75.754,0.6334341049483461,"Centered on log2(4) = 2.0, i.e. on PSA 4 ng/mL. The coefficient is per doubling. Recovered from SWOP's own Flash calculator to 2.2e-06."
"ERSPC RC3 (DRE-volume, biopsy-naïve)",erspc_rc3,Prostate cancer,Prediction,volume_ml,"Prostate volume (DRE-assessed, in 3 classes)",2,-1.5,,mL,"log2(volume_class) - 5.4, where volume_class = 25 if <30 mL, 40 if <50, else 60",banding + log2,,,,26.361,0.2204271518306906,"TWO transforms stacked, and the first is easy to miss. The raw volume is first collapsed into THREE CLASSES (25 / 40 / 60 mL) and only then logged. So the model cannot distinguish a 31 mL prostate from a 49 mL one, both are class 40. Feeding continuous volume straight into log2 is a real and silent error. Sign is negative: a bigger prostate means the same PSA is more likely benign (dilution)."
"ERSPC RC3 (DRE-volume, biopsy-naïve)",erspc_rc3,Prostate cancer,Prediction,dre_positive,Abnormal digital rectal examination,3,0.992,,indicator,1 if abnormal else 0,dichotomy,normal DRE,,,17.477,0.14613874322096326,Worth almost exactly one PSA doubling (0.992 vs 1.024).
PBCG (Prostate Biopsy Collaborative Group; no cancer / low grade / high grade),pbcg,Prostate cancer,Prediction,(intercept),Intercept,,-2.44052108,,logit,1,none,,,,,,
PBCG (Prostate Biopsy Collaborative Group; no cancer / low grade / high grade),pbcg,Prostate cancer,Prediction,psa,PSA,1,0.13617244,,ng/mL,log2(PSA),log2,,,,62.996,0.40964748240403803,"NOT centered, unlike ERSPC RC3, the intercept absorbs it. Note the near-6x gap between the low-grade (0.136) and high-grade (0.800) coefficients: PSA barely separates Gleason 6 from no cancer, but separates Gleason 7+ strongly. That asymmetry is the entire clinical argument for PBCG over a binary any-cancer model."
PBCG (Prostate Biopsy Collaborative Group; no cancer / low grade / high grade),pbcg,Prostate cancer,Prediction,age,Age,2,0.01780617,,years,age,identity,,,,38.1,0.24775498547043046,"Untransformed and uncentered. The coefficient looks tiny, but age spans ~40 years in practice, so it contributes 25% of measured swing. This is the standard trap in reading coefficient tables."
PBCG (Prostate Biopsy Collaborative Group; no cancer / low grade / high grade),pbcg,Prostate cancer,Prediction,african_ancestry,African ancestry,6,0.78721039,,indicator,1 if African ancestry else 0,dichotomy,non-African ancestry,,,6.792,0.04416485312358251,External validation found PBCG OVER-predicts in Black and other groups at most thresholds. The coefficient is published and reproduced; its calibration is contested. This is the reason ERSPC RC3 is kept alongside rather than retired.
PBCG (Prostate Biopsy Collaborative Group; no cancer / low grade / high grade),pbcg,Prostate cancer,Prediction,prior_biopsy,Prior negative biopsy,4,-0.83613721,,indicator,1 if prior negative biopsy else 0; ABSENT from 4 of the 8 coefficient sets,dichotomy,biopsy-naive,,,15.837,0.10298429000076274,"Strongly protective, and more so for high grade (-1.27) than low (-0.84), a previous negative biopsy is better evidence against aggressive disease than against any disease. If not supplied, the model switches to a coefficient set fitted WITHOUT it rather than imputing a value."
PBCG (Prostate Biopsy Collaborative Group; no cancer / low grade / high grade),pbcg,Prostate cancer,Prediction,dre_abnormal,Abnormal DRE,3,0.04612721,,indicator,1 if abnormal else 0; ABSENT from 4 of the 8 coefficient sets,dichotomy,normal DRE,,,19.151,0.12453047230955547,The most extreme low/high split in the model: 0.046 for low grade (essentially nothing) against 0.858 for high grade. An abnormal DRE says almost nothing about whether Gleason 6 will be found and a great deal about whether Gleason 7+ will be.
PBCG (Prostate Biopsy Collaborative Group; no cancer / low grade / high grade),pbcg,Prostate cancer,Prediction,family_history,Family history of prostate cancer,5,0.33233636,,indicator,1 if positive else 0; ABSENT from 4 of the 8 coefficient sets,dichotomy,no family history,,,10.906,0.07091791669163072,
"Extended PBCG (high-grade prostate cancer on biopsy, 1,024 sub-models)",pbcg_extended,Prostate cancer,Prediction,(intercept),Intercept,,0.0973696550103029,,logit,1,none,,,,,,Positive in the full model and -5.82 in the age+PSA model. Intercepts are not comparable across sub-models; they absorb whatever the missing predictors were contributing.
"Extended PBCG (high-grade prostate cancer on biopsy, 1,024 sub-models)",pbcg_extended,Prostate cancer,Prediction,prostate_volume,Prostate volume,1,-1.370931984702,,mL,"log2(prostate_volume). NOT banded, unlike ERSPC RC3",log2,,"OR 0.25 (0.20, 0.32) per log2 unit, p < 0.0001",,61.515,0.23911547002847414,"The strongest effect in the full model. Contrast ERSPC RC3, which collapses volume into three classes (25/40/60 mL) before logging, this model uses the continuous value, so it can distinguish prostates that RC3 cannot. Optional: omitting it selects a sub-model fitted without it rather than imputing."
"Extended PBCG (high-grade prostate cancer on biopsy, 1,024 sub-models)",pbcg_extended,Prostate cancer,Prediction,psa,PSA,2,0.868327204172581,,ng/mL,"log2(PSA), uncentered",log2,,"OR 2.38 (1.98, 2.89) per doubling in the full model; 1.99 (1.86, 2.12) in the 6-factor standard model; 1.72 (1.64, 1.80) in the age+PSA model",,75.981,0.29534965059791923,"MANDATORY, along with age. Note the OR falls from 2.38 to 1.72 as other predictors are removed, with fewer covariates PSA absorbs less of the signal per doubling, not more. Coefficients are not portable between sub-models."
"Extended PBCG (high-grade prostate cancer on biopsy, 1,024 sub-models)",pbcg_extended,Prostate cancer,Prediction,prior_biopsy,Prior negative biopsy,3,-1.14525401103566,,indicator,1/0,dichotomy,no prior negative biopsy,"OR 0.32 (0.22, 0.45) full model; 0.28 (0.24, 0.32) standard model",,21.604,0.0839778674069497,"Strongly protective and stable across sub-models, one of the few that is."
"Extended PBCG (high-grade prostate cancer on biopsy, 1,024 sub-models)",pbcg_extended,Prostate cancer,Prediction,dre_abnormal,Digital rectal examination,4,0.665655402758357,,indicator,1/0,dichotomy,normal DRE,"OR 1.95 (1.46, 2.60) full model; 2.57 (2.29, 2.88) standard model",,16.381,0.06367591246573082,
"Extended PBCG (high-grade prostate cancer on biopsy, 1,024 sub-models)",pbcg_extended,Prostate cancer,Prediction,famhist_1,First-degree prostate cancer family history,5,0.656168999001428,,indicator,1/0,dichotomy,no first-degree history,"OR 1.93 (1.38, 2.69) full model; 1.94 (1.70, 2.22) standard model",,16.146,0.06276017119199968,Remarkably stable between fits (1.93 vs 1.94) on very different sample sizes.
"Extended PBCG (high-grade prostate cancer on biopsy, 1,024 sub-models)",pbcg_extended,Prostate cancer,Prediction,age,Age,6,0.0685626071025404,,years,"age, untransformed and uncentered",identity,,"OR 1.07 (1.05, 1.09) full model; 1.05 (1.04, 1.06) standard; 1.05 (1.05, 1.06) smallest",,57.184,0.22228265985005408,"MANDATORY. Small per-year OR over a wide range, so it still contributes substantially."
"Extended PBCG (high-grade prostate cancer on biopsy, 1,024 sub-models)",pbcg_extended,Prostate cancer,Prediction,race,African ancestry,7,-0.380223435347789,,indicator,1/0,dichotomy,not of African ancestry,"OR 0.68 (0.45, 1.03), p = 0.08 in the FULL model; OR 1.26 (1.11, 1.44), p = 0.0005 in the standard 6-factor model",,8.448,0.03283826845887237,"THE SIGN FLIPS BETWEEN SUB-MODELS, and this is the most important single caveat in the table. In the full model African ancestry looks protective (OR 0.68, not significant, fitted on 1,334 biopsies from 3 cohorts); in the standard model it is adverse and significant (OR 1.26 on 8,432 biopsies from 9 cohorts). Which sub-model a user lands in is decided by which optional fields they happened to fill in. The 2018 predecessor was found on external validation to OVER-predict in Black and other groups; that has not been re-tested for this version here."
"Extended PBCG (high-grade prostate cancer on biopsy, 1,024 sub-models)",pbcg_extended,Prostate cancer,Prediction,prior_psa,Prior PSA screen,8,-0.344481486143253,,indicator,1/0,dichotomy,no prior PSA screen,"OR 0.71 (0.38, 1.34), p = 0.3",,,,
"Extended PBCG (high-grade prostate cancer on biopsy, 1,024 sub-models)",pbcg_extended,Prostate cancer,Prediction,famhist_2,Second-degree prostate cancer family history,9,0.263997135421439,,indicator,1/0,dichotomy,no second-degree history,"OR 1.30 (0.86, 1.96), p = 0.2",,,,"About a third the effect of first-degree history, as expected, but not statistically significant here."
"Extended PBCG (high-grade prostate cancer on biopsy, 1,024 sub-models)",pbcg_extended,Prostate cancer,Prediction,famhist_bca,First-degree breast cancer family history,10,0.142564644665647,,indicator,1/0,dichotomy,no first-degree breast cancer history,"OR 1.15 (0.77, 1.70), p = 0.5",,,,"A BRCA-pathway proxy. Small and not significant in this fit, but retained in the model."
"Extended PBCG (high-grade prostate cancer on biopsy, 1,024 sub-models)",pbcg_extended,Prostate cancer,Prediction,hispanic,Hispanic ethnicity,11,0.0799051521528611,,indicator,1/0,dichotomy,not Hispanic,"OR 1.08 (0.78, 1.50), p = 0.6",,,,
"Extended PBCG (high-grade prostate cancer on biopsy, 1,024 sub-models)",pbcg_extended,Prostate cancer,Prediction,ari_use,5-alpha-reductase-inhibitor use,12,-0.0446955684912442,,indicator,1/0,dichotomy,no ARI use,"OR 0.96 (0.63, 1.44), p = 0.8",,,,"Nearly inert here. Note this is NOT the same claim as the dutasteride chemoprevention model on the response axis, which estimates what happens if you START the drug; this asks only whether current users differ at biopsy."
"Extended PBCG (high-grade prostate cancer on biopsy, 1,024 sub-models)",pbcg_extended,Prostate cancer,Prediction,(sub-model selection),Which of the ten optional predictors were supplied,,,,"1,024 patterns","the presence/absence pattern of the ten optional predictors selects one of 1,024 fitted sub-models",derived,,,,,,"The design of the model, not a preprocessing detail. Ten optional predictors give 2^10 patterns and a model was fitted for every one, so a record missing prostate volume and prior PSA is scored by the model fitted on records missing exactly those two. Nothing is imputed and no missing-indicator term exists, contrast PREVENT, which does use missing indicators. The published function ends in round(), returning whole percentage points; we return the unrounded probability and expose rounded_like_reference() for parity."
UK Biobank head and neck cancer risk model (7-year absolute risk),ukb_hnc,Head & neck cancer,Prediction,(intercept),Model intercept,,-9.54,,logit,1,none,,,,,,"Printed in the CAPTION of Table III, not in a row, with 95% CI -11.2 to -7.88. That location is why earlier passes over this literature recorded head and neck detection as having no implementable model. Not interpretable on its own: age and BMI are uncentred, so this is the log-odds at age 0 and BMI 0."
UK Biobank head and neck cancer risk model (7-year absolute risk),ukb_hnc,Head & neck cancer,Prediction,smoking_status,Smoking status,1,,never 0 (ref) | previous 0.463734 | current 1.131402,indicator,"3-level categorical, never as reference",dichotomy,,,,0.075,0.29502178883164454,
UK Biobank head and neck cancer risk model (7-year absolute risk),ukb_hnc,Head & neck cancer,Prediction,alcohol_status,Alcohol status,2,,never 0 (ref) | previous 1.181727 | current 0.350657,indicator,"3-level categorical, never as reference",dichotomy,,,,0.057,0.2236786701288234,"NON-MONOTONIC, AND THE LARGEST LEVEL IS THE ONE THAT STOPPED. Previous drinkers carry OR 3.26 (1.32-8.04); current drinkers 1.42 with a CI spanning 1 (0.62-3.21), i.e. not distinguishable from never. This is the sick-quitter pattern, people who stopped because they were already unwell, so the term does not run in the direction a clinician expects. Do not reorder it."
UK Biobank head and neck cancer risk model (7-year absolute risk),ukb_hnc,Head & neck cancer,Prediction,age,Age at assessment,3,0.03922071315328133,,years,"continuous, per year, UNCENTRED",none,,,,0.027,0.10512319490793126,"OR 1.04 per year, so about 1.48 per decade. The paper models it continuous deliberately, ""to prevent biological implausibility and inefficient use of data""."
UK Biobank head and neck cancer risk model (7-year absolute risk),ukb_hnc,Head & neck cancer,Prediction,townsend_quintile,Townsend Deprivation Index quintile,4,,Q1 0 (ref) | Q2 0.262364 | Q3 0.131028 | Q4 0.593327 | Q5 0.506818,quintile,"5-level categorical, quintile 1 = LEAST deprived = reference",banding,,,,0.025,0.09987738916068889,"Also non-monotonic, Q4 at 1.81 exceeds Q5 at 1.66. And it does not transfer, a UK area-level index with no US equivalent, the same problem recorded for PREVENT's SDI decile."
UK Biobank head and neck cancer risk model (7-year absolute risk),ukb_hnc,Head & neck cancer,Prediction,bmi,Body mass index,5,-0.040821994520255166,,kg/m2,"continuous, per unit, UNCENTRED",none,,,,0.022,0.08567135499915796,"PROTECTIVE, OR 0.96 per unit. Higher BMI carried lower head and neck cancer risk in this cohort. That is the direction the paper reports; the negative sign is not an error to fix."
UK Biobank head and neck cancer risk model (7-year absolute risk),ukb_hnc,Head & neck cancer,Prediction,exercise_days,Days per week of moderate exercise,6,,none 0 (ref) | 1-4 days -0.385662 | 5 or more days -0.415515,days/week,3-level banding on NHS guidance,banding,,,,0.018,0.07028468084700293,"The two active levels are nearly identical (0.68 and 0.66), so the model says exercising at all matters and how much does not."
UK Biobank head and neck cancer risk model (7-year absolute risk),ukb_hnc,Head & neck cancer,Prediction,male,Male sex,7,0.5933268452777344,,indicator,"1 if male else 0, female as reference",dichotomy,,,,0.016,0.06292659887974965,
UK Biobank head and neck cancer risk model (7-year absolute risk),ukb_hnc,Head & neck cancer,Prediction,fruit_veg,Fruit and vegetable portions per day,8,,under 5/day 0 (ref) | 5 or more -0.34249,indicator,dichotomised at the NHS five-a-day threshold,dichotomy,,,,,,
UCSF-CAPRA (preoperative recurrence risk),capra,Prostate cancer,Prognosis,psa,PSA at diagnosis,1,,0 if <=6; 1 if <=10; 2 if <=20; 3 if <=30; 4 if >30,ng/mL,5-level banding of raw PSA,banding,,,,4,0.4,"Bands are upper-inclusive and NOT equal width, 2.1-6 spans 4 ng/mL for its 0 points while >30 is unbounded for 4. The banding discards everything above 30, so PSA 31 and PSA 300 score identically."
UCSF-CAPRA (preoperative recurrence risk),capra,Prostate cancer,Prognosis,gleason_primary,Gleason primary pattern,2,,3 if primary >= 4,pattern 1-5,if primary >=4 -> 3 points; elif secondary >=4 -> 1 point; else 0,categorical,,,,3,0.3,"THERE IS NO 2-POINT LEVEL. The jump is 0 -> 1 -> 3, so a primary pattern 4 is worth three times a secondary pattern 4. Primary and secondary are not interchangeable and must not be summed into a Gleason total before scoring."
UCSF-CAPRA (preoperative recurrence risk),capra,Prostate cancer,Prognosis,gleason_secondary,Gleason secondary pattern,2,,1 if secondary >= 4 and primary <= 3,pattern 1-5,"see gleason_primary, the two are scored jointly, not separately",categorical,,,,,,
UCSF-CAPRA (preoperative recurrence risk),capra,Prostate cancer,Prognosis,t_stage,Clinical T stage,3,,0 for T1/T2; 1 for T3a,AJCC clinical T,dichotomy at T3a,dichotomy,T1/T2,,,1,0.1,CAPRA is a localized-disease score; T3b and above are out of scope and raise.
UCSF-CAPRA (preoperative recurrence risk),capra,Prostate cancer,Prognosis,percent_positive_cores,Percentage of positive biopsy cores,4,,1 if >= 34%,percent,dichotomy at 34%,dichotomy,,,,1,0.1,A single threshold at an unusual number. 33% scores 0 and 34% scores 1; the continuous information is discarded.
UCSF-CAPRA (preoperative recurrence risk),capra,Prostate cancer,Prognosis,age,Age at diagnosis,5,,1 if >= 50,years,dichotomy at 50,dichotomy,,,,1,0.1,"Nearly every man in scope scores this point, so in practice it acts as a constant offset rather than a discriminator."
"Dutasteride chemoprevention (9 outcomes x 2 arms, benefit and harm)",dutasteride,Prostate cancer,Response,(treatment arm),Dutasteride vs no dutasteride,1,,,arm,selects the coefficient set; NOT a term inside one equation,derived,,,,,,"Two asymmetries reproduced from the source. ASAP has a dutasteride arm only, so no difference can be formed and it returns None rather than 0. HGPIN on dutasteride is a CONSTANT 3.838831% with no predictors at all, while its off-treatment arm is a full 28-term model."
"Dutasteride chemoprevention (9 outcomes x 2 arms, benefit and harm)",dutasteride,Prostate cancer,Response,age,Age,2,,,years,"restricted cubic spline, knots differ per sub-model",spline,,,,,,
"Dutasteride chemoprevention (9 outcomes x 2 arms, benefit and harm)",dutasteride,Prostate cancer,Response,psa,PSA,3,,,ng/mL,"restricted cubic spline, knots differ per sub-model",spline,,,,,,
"Dutasteride chemoprevention (9 outcomes x 2 arms, benefit and harm)",dutasteride,Prostate cancer,Response,prostate_volume_ml,Prostate volume,4,,,mL,restricted cubic spline,spline,,,,,,
"Dutasteride chemoprevention (9 outcomes x 2 arms, benefit and harm)",dutasteride,Prostate cancer,Response,ipss_score,International Prostate Symptom Score,5,,,points 0-35,restricted cubic spline,spline,,,,,,"Drives the BPH-progression and acute-urinary-retention outcomes, not the cancer ones."
"Dutasteride chemoprevention (9 outcomes x 2 arms, benefit and harm)",dutasteride,Prostate cancer,Response,sexually_active,Sexually active,6,,,indicator,1/0,dichotomy,,,,,,"Enters the erectile-dysfunction harm model, a harm predictor, not a benefit one."
"Dutasteride chemoprevention (9 outcomes x 2 arms, benefit and harm)",dutasteride,Prostate cancer,Response,history_of_impotence,History of impotence,7,,,indicator,1/0,dichotomy,,,,,,
"Dutasteride chemoprevention (9 outcomes x 2 arms, benefit and harm)",dutasteride,Prostate cancer,Response,(applicability bounds),Per-sub-model applicability bounds,,,,n/a,each sub-model returns None outside its own validated input range,none,,,,,,"The bounds DIFFER per outcome, so one patient can be in scope for some outcomes and out of scope for others, the tool displays ""Not Applicable"" per row and this module reproduces that."
"AHA PREVENT, all 5 variants (base/uacr/hba1c/sdi/full) x 10y/30y x 5 outcomes",prevent,Cardiovascular disease,Prediction,age,"Age, per 10 years",1,0.7939329,,years,(age - 55) / 10,centering + scaling,,,,13.407,0.35644739619146504,Centered at 55 and scaled per decade. Also appears in age^2 (30-year equations only) and in seven interaction terms.
"AHA PREVENT, all 5 variants (base/uacr/hba1c/sdi/full) x 10y/30y x 5 outcomes",prevent,Cardiovascular disease,Prediction,(age squared),Age squared,,0.0,,decades^2,((age - 55)/10)^2,power,,,,,,Zero in the 10-year equations; non-zero only at the 30-year horizon.
"AHA PREVENT, all 5 variants (base/uacr/hba1c/sdi/full) x 10y/30y x 5 outcomes",prevent,Cardiovascular disease,Prediction,total_chol_mg_dl,"non-HDL-C, per 1 mmol/L",3,0.0305239,,"mg/dL in, mmol/L in the equation",0.02586*(total_chol - hdl) - 3.5,derived + unit conversion + centering,,,,0.359,0.009533043911380074,"THREE things happen before the coefficient applies. Total cholesterol and HDL are combined into non-HDL (a derived quantity, not an input), converted mg/dL -> mmol/L by 0.02586, then centered on 3.5 mmol/L. Passing total cholesterol straight in is a large silent error."
"AHA PREVENT, all 5 variants (base/uacr/hba1c/sdi/full) x 10y/30y x 5 outcomes",prevent,Cardiovascular disease,Prediction,hdl_mg_dl,"HDL-C, per 0.3 mmol/L",5,-0.1606857,,"mg/dL in, mmol/L in the equation",(0.02586*hdl - 1.3) / 0.3,unit conversion + centering + scaling,,,,2.405,0.06394251718250958,"Enters BOTH here and inside non-HDL, with opposite signs."
"AHA PREVENT, all 5 variants (base/uacr/hba1c/sdi/full) x 10y/30y x 5 outcomes",prevent,Cardiovascular disease,Prediction,sbp,"SBP, split at 110 mm Hg",2,-0.2394003,,mm Hg,"sbp_min = (min(sbp,110) - 110)/20 ; sbp_max = (max(sbp,110) - 130)/20","spline (linear, one knot at 110)",,,,5.85,0.1555253955701469,"A two-piece linear spline, not one slope. Below 110 the coefficient is NEGATIVE (-0.239) and above it POSITIVE (+0.360), low blood pressure is itself adverse, which a single linear term cannot express. Both pieces are always computed; for sbp=130, sbp_min is at its floor."
"AHA PREVENT, all 5 variants (base/uacr/hba1c/sdi/full) x 10y/30y x 5 outcomes",prevent,Cardiovascular disease,Prediction,diabetes,Diabetes,4,0.8667604,,indicator,1/0,dichotomy,,,,4.541,0.12071817280082366,"Largest single main-effect coefficient in the base model, but attenuated with age by the age x diabetes term (-0.271)."
"AHA PREVENT, all 5 variants (base/uacr/hba1c/sdi/full) x 10y/30y x 5 outcomes",prevent,Cardiovascular disease,Prediction,smoker,Current smoking,6,0.5360739,,indicator,1/0,dichotomy,,,,2.39,0.06353561418959776,
"AHA PREVENT, all 5 variants (base/uacr/hba1c/sdi/full) x 10y/30y x 5 outcomes",prevent,Cardiovascular disease,Prediction,bmi,"BMI, split at 30 kg/m2",,0.0,,kg/m2,"bmi_min = (min(bmi,30) - 25)/5 ; bmi_max = (max(bmi,30) - 30)/5","spline (linear, one knot at 30)",,,,0.0,0.0,"EXACTLY ZERO for total CVD, ASCVD, CHD and stroke, 40 of the 50 coefficient sets per sex. BMI only moves the HEART FAILURE outcome. A caller who supplies BMI expecting their CVD risk to change gets no change, and that is correct. Pinned by test_bmi_only_affects_the_heart_failure_outcome."
"AHA PREVENT, all 5 variants (base/uacr/hba1c/sdi/full) x 10y/30y x 5 outcomes",prevent,Cardiovascular disease,Prediction,egfr,"eGFR, split at 60 mL/min/1.73m2",7,0.6045917,,mL/min/1.73m2,"egfr_min = (min(egfr,60) - 60)/-15 ; egfr_max = (max(egfr,60) - 90)/-15","spline (linear, one knot at 60) with NEGATIVE scaling",,,,8.662,0.23029786015407697,"Note the divisor is -15, so the scaled variable increases as kidney function FALLS. Below 60 the slope is 14x the slope above it (0.605 vs 0.043), this is a chronic-kidney-disease term that is nearly inert in people with normal kidneys."
"AHA PREVENT, all 5 variants (base/uacr/hba1c/sdi/full) x 10y/30y x 5 outcomes",prevent,Cardiovascular disease,Prediction,htn_meds,Antihypertensive use,8,0.3151672,,indicator,"1/0, plus an interaction htn_meds * sbp_max at -0.0663612",dichotomy + interaction,,,,,,"The interaction is negative, so treatment FLATTENS the blood-pressure slope. Being on treatment raises risk (unmeasured severity) while reducing how much each additional mm Hg costs."
"AHA PREVENT, all 5 variants (base/uacr/hba1c/sdi/full) x 10y/30y x 5 outcomes",prevent,Cardiovascular disease,Prediction,statin,Statin use,9,-0.1477655,,indicator,"1/0, plus an interaction statin * non_hdl at +0.1197879",dichotomy + interaction,,,,,,"Same structure as htn_meds, mirrored: lowers risk directly, steepens the non-HDL slope."
"AHA PREVENT, all 5 variants (base/uacr/hba1c/sdi/full) x 10y/30y x 5 outcomes",prevent,Cardiovascular disease,Prediction,uacr,Urine albumin-to-creatinine ratio,,,,mg/g,ln(UACR). NOT centered,log,,,,,,"Optional; supplying it switches to the `uacr` or `full` variant. Unlike every other continuous term in PREVENT this one is not centered. If absent, its slope term is 0 and a separate `acr_missing` indicator is set to 1, the published design, not an imputation."
"AHA PREVENT, all 5 variants (base/uacr/hba1c/sdi/full) x 10y/30y x 5 outcomes",prevent,Cardiovascular disease,Prediction,hba1c,HbA1c,,,,percent,"(hba1c - 5.3), with SEPARATE slopes for diabetic and non-diabetic patients",centering + stratified slope,,,,,,"Two mutually exclusive terms, hba1c_dm and hba1c_no_dm; whichever does not apply is 0. The same HbA1c means something different with and without a diabetes diagnosis."
"AHA PREVENT, all 5 variants (base/uacr/hba1c/sdi/full) x 10y/30y x 5 outcomes",prevent,Cardiovascular disease,Prediction,sdi_decile,Social Deprivation Index decile,,,,decile 1-10,"two indicators: deciles 4-6, and deciles 7-10",categorical,deciles 1-3,,,,,A 10-level ordinal collapsed to 3 groups. Deciles 1-3 carry no term.
ESC SCORE2,score2,Cardiovascular disease,Prediction,age,Age,1,0.3742,,years,(age - 60) / 5,centering + scaling,,,,9.112,0.3861365114358277,"Centered at 60, scaled per 5 years. Appears in 5 further interaction terms."
ESC SCORE2,score2,Cardiovascular disease,Prediction,smoker,Current smoking,2,0.6012,,indicator,1/0; plus smoking x age at -0.0755,dichotomy + interaction,,,,3.422,0.14499717184540228,Largest main effect among the binary predictors. The negative interaction means the log-HR falls by 0.0755 per 5 years of age.
ESC SCORE2,score2,Cardiovascular disease,Prediction,sbp,Systolic blood pressure,3,0.2777,,mm Hg,(sbp - 120) / 20; plus sbp x age at -0.0255,centering + scaling + interaction,,,,5.011,0.2123216191378027,
ESC SCORE2,score2,Cardiovascular disease,Prediction,total_chol_mmol,Total cholesterol,5,0.1458,,mmol/L,"total_chol - 6.0 (centered, NOT scaled); plus tchol x age at -0.0281",centering + interaction,,,,2.914,0.1234842144596582,"The only continuous predictor here that is centered but not scaled. Units are mmol/L, not mg/dL, divide mg/dL by 38.67."
ESC SCORE2,score2,Cardiovascular disease,Prediction,hdl_mmol,HDL cholesterol,4,-0.2698,,mmol/L,(hdl - 1.3) / 0.5; plus hdl x age at +0.0426,centering + scaling + interaction,,,,3.14,0.1330604831213091,The only POSITIVE age interaction: HDL's protective effect weakens with age.
ESC SCORE2,score2,Cardiovascular disease,Prediction,diabetes,Diabetes,,0.6457,,indicator,1/0; plus diabetes x age at -0.0983,dichotomy + interaction,,,,,,Present in the equation but OUT OF SCOPE: SCORE2 is defined for people without diabetes (SCORE2-Diabetes is a separate model). The term is implemented and defaults to 0.
ESC SCORE2,score2,Cardiovascular disease,Prediction,region,Risk region,6,,,low / moderate / high / very_high,1 - exp(-exp(scale1 + scale2 * ln(-ln(1 - uncalibrated_risk)))),derived (post-hoc recalibration),"none, every region has its own pair",,,,,"NOT a term in the linear predictor. It is a complementary log-log recalibration applied to the finished probability, with a (scale1, scale2) pair per sex per region. The same linear predictor gives materially different risks in Belgium and in Bulgaria, and this is the only place that difference lives."
LDL-lowering absolute benefit (DERIVED: CTT trial effect x a baseline risk),cvd_statin_benefit,Cardiovascular disease,Response,baseline_risk,Untreated absolute risk,1,,,probability 0-1,"supplied by the caller, not computed here",none,,,,,,"Deliberately NOT computed internally, so the choice of risk model, its horizon and its scope stay visible in the result. Take it from predict(""prevent"", ...) or predict(""score2"", ...)."
LDL-lowering absolute benefit (DERIVED: CTT trial effect x a baseline risk),cvd_statin_benefit,Cardiovascular disease,Response,ldl_reduction_mmol_l,LDL-C reduction achieved,2,,,mmol/L,mg/dL / 38.67 if supplied in US units; then used as an EXPONENT on the rate ratio,unit conversion + power,,,,,,"Enters as an exponent, not a multiplier: RR^delta. So 2 mmol/L of lowering gives 0.78^2 = 0.61, not 0.56. Treating the effect as linear in LDL overstates the benefit of large reductions."
LDL-lowering absolute benefit (DERIVED: CTT trial effect x a baseline risk),cvd_statin_benefit,Cardiovascular disease,Response,(rate ratio),CTT rate ratio per 1.0 mmol/L,3,0.78,,rate ratio,"fixed constant; 0.78 (0.76-0.80) for major vascular events, 0.90 (0.87-0.93) for all-cause mortality",none,,"RR 0.78 (95% CI 0.76-0.80) per 1.0 mmol/L LDL reduction, major vascular events",,,,"The published CI propagates into arr_ci, but it covers the TRIAL EFFECT ONLY. Uncertainty in the baseline risk estimate is usually the larger source and is not represented."
GRACE 2003 in-hospital mortality score (acute coronary syndromes),grace,Cardiovascular disease,Prognosis,age,Age,4,,<=30: 0; 30-39: 8; 40-49: 25; 50-59: 41; 60-69: 58; 70-79: 75; 80-89: 91; >=90: 100,years,"8-level banding, bands upper-inclusive at the NEXT band's printed lower label",banding,,OR 1.7 per 10 years,,83,0.27124183006535946,"The widest point range in the model (0-100). Band edges are ambiguous as printed and are resolved by the paper's own worked examples, see the systolic-BP note."
GRACE 2003 in-hospital mortality score (acute coronary syndromes),grace,Cardiovascular disease,Prognosis,killip_class,Killip class,3,,I: 0; II: 20; III: 39; IV: 59,class I-IV,direct lookup,categorical,Killip class I,OR 2.0 per class,,59,0.19281045751633988,"Steps are roughly even (20, 19, 20), consistent with a constant OR per class."
GRACE 2003 in-hospital mortality score (acute coronary syndromes),grace,Cardiovascular disease,Prognosis,sbp,Systolic blood pressure,6,,<=80: 58; 80-99: 53; 100-119: 43; 120-139: 34; 140-159: 24; 160-199: 10; >=200: 0,mm Hg,"7-level banding, REVERSED, low pressure scores highest",banding,,OR 1.4 per 20-mm Hg DECREASE,,58,0.1895424836601307,"THE SCALE RUNS BACKWARD. <=80 mm Hg scores 58 and >=200 scores 0, because this term encodes cardiogenic shock, not hypertension. Separately, the printed bands are ambiguous at their edges: taken literally SBP 100 would fall in ""100-119"" and score 43, but the paper's own worked example scores it 53. Each printed band's true upper edge is the NEXT band's printed lower label, inclusive. Coded literally the model is wrong at 100 mm Hg, one of the commonest readings there is."
GRACE 2003 in-hospital mortality score (acute coronary syndromes),grace,Cardiovascular disease,Prognosis,heart_rate,Heart rate,7,,<=50: 0; 50-69: 3; 70-89: 9; 90-109: 15; 110-149: 24; 150-199: 38; >=200: 46,beats/min,"7-level banding, upper-inclusive as above",banding,,OR 1.3 per 30-beat/min increase,,43,0.14052287581699346,
GRACE 2003 in-hospital mortality score (acute coronary syndromes),grace,Cardiovascular disease,Prognosis,creatinine_mg_dl,Serum creatinine,8,,0-0.39: 1; 0.40-0.79: 4; 0.80-1.19: 7; 1.20-1.59: 10; 1.60-1.99: 13; 2.00-3.99: 21; >4.0: 28,mg/dL,"7-level banding, upper-inclusive as above",banding,,OR 1.2 per 1 mg/dL increase,,24,0.0784313725490196,"mg/dL, not umol/L, multiply umol/L by 1/88.4. The worked example puts creatinine 0.40 in the 0-0.39 band."
GRACE 2003 in-hospital mortality score (acute coronary syndromes),grace,Cardiovascular disease,Prognosis,cardiac_arrest_at_admission,Cardiac arrest at presentation,1,,39 if present,indicator,1/0,dichotomy,,OR 4.3,,39,0.12745098039215685,Largest odds ratio in the model.
GRACE 2003 in-hospital mortality score (acute coronary syndromes),grace,Cardiovascular disease,Prognosis,st_segment_deviation,ST-segment deviation,2,,28 if present,indicator,1/0,dichotomy,,OR 2.4,,,,
GRACE 2003 in-hospital mortality score (acute coronary syndromes),grace,Cardiovascular disease,Prognosis,elevated_cardiac_enzymes,Elevated initial cardiac enzymes,5,,14 if present,indicator,1/0,dichotomy,,OR 1.6,,,,
CHA2DS2-VASc (stroke risk in atrial fibrillation),cha2ds2_vasc,Cardiovascular disease,Prognosis,prior_stroke_tia_thromboembolism,Prior Stroke / TIA / thromboembolism (S2),1,,2,indicator,"1/0, worth 2 points",dichotomy,,,,2,0.2222222222222222,
CHA2DS2-VASc (stroke risk in atrial fibrillation),cha2ds2_vasc,Cardiovascular disease,Prognosis,age,Age (A2 and A),2,,2 if >=75; 1 if 65-74; else 0,years,3-level banding; the two age items are MUTUALLY EXCLUSIVE,banding,,,,2,0.2222222222222222,"The acronym lists age twice (A2 for >=75, A for 65-74) and a reader can double-count it. Age contributes at most 2 points in total, never 3."
CHA2DS2-VASc (stroke risk in atrial fibrillation),cha2ds2_vasc,Cardiovascular disease,Prognosis,heart_failure,Congestive heart failure / LV dysfunction (C),3,,1,indicator,1/0,dichotomy,,,,1,0.1111111111111111,
CHA2DS2-VASc (stroke risk in atrial fibrillation),cha2ds2_vasc,Cardiovascular disease,Prognosis,hypertension,Hypertension (H),3,,1,indicator,1/0,dichotomy,,,,1,0.1111111111111111,
CHA2DS2-VASc (stroke risk in atrial fibrillation),cha2ds2_vasc,Cardiovascular disease,Prognosis,diabetes,Diabetes mellitus (D),3,,1,indicator,1/0,dichotomy,,,,1,0.1111111111111111,
CHA2DS2-VASc (stroke risk in atrial fibrillation),cha2ds2_vasc,Cardiovascular disease,Prognosis,vascular_disease,"Vascular disease. MI, PAD, aortic plaque (V)",3,,1,indicator,1/0,dichotomy,,,,1,0.1111111111111111,
CHA2DS2-VASc (stroke risk in atrial fibrillation),cha2ds2_vasc,Cardiovascular disease,Prognosis,female,"Sex category, female (Sc)",4,,1,indicator,1/0,dichotomy,,,,1,0.1111111111111111,"A modifier, not an independent risk factor. A score of 1 arising from female sex ALONE is treated as low risk; sex counts only alongside at least one other factor. Implemented in risk_category(), not in the score."
CHA2DS2-VASc (stroke risk in atrial fibrillation),cha2ds2_vasc,Cardiovascular disease,Prognosis,(rate table),Annual stroke rate by score,,,,n/a,deliberately NOT implemented,none,,,,,,"Published cohorts report materially different annual event rates for the same score, so no rate lookup is shipped. The model returns a guideline-level category instead. `risk` is None by design."
ATRIA stroke risk score (atrial fibrillation),atria_stroke_2013,Cardiovascular disease,Prognosis,age,"Age, scored from one of two columns",1,,no prior stroke: 0 (<65) / 3 (65-74) / 5 (75-84) / 6 (>=85). Prior stroke: 8 (<65) / 7 (65-74) / 7 (75-84) / 9 (>=85),years,"4-level banding, column selected by prior_stroke",banding + interaction,,,,6,0.3,"The prior-stroke column is NOT monotonic in age, under-65 (8) outscores 65-84 (7). A young patient who has already had a stroke is the strongest signal in the model, because a stroke at that age is less attributable to age itself. Any implementation that treats age as monotonic, or adds a flat prior-stroke constant to a single age term, gets this band wrong and still looks plausible."
ATRIA stroke risk score (atrial fibrillation),atria_stroke_2013,Cardiovascular disease,Prognosis,prior_stroke,Prior ischemic stroke,2,,"not separable, selects the age column",indicator,selects which age column applies,interaction,,,,8,0.4,"Has no standalone point value. This is the structural difference from CHA2DS2-VASc, where prior stroke is a flat 2 points independent of age. Here it is worth between 1 and 8 points depending on the patient's age band."
ATRIA stroke risk score (atrial fibrillation),atria_stroke_2013,Cardiovascular disease,Prognosis,egfr_under_45_or_esrd,eGFR < 45 mL/min/1.73m2 or end-stage renal disease,3,,1,indicator,threshold on a routine chemistry value,dichotomy,,,,1,0.05,"One of the two predictors CHA2DS2-VASc lacks, and part of why ATRIA discriminates better. Routine chemistry, not a send-out assay."
ATRIA stroke risk score (atrial fibrillation),atria_stroke_2013,Cardiovascular disease,Prognosis,proteinuria,Proteinuria,3,,1,indicator,1/0,dichotomy,,,,1,0.05,The other predictor CHA2DS2-VASc lacks. A urinalysis flag.
ATRIA stroke risk score (atrial fibrillation),atria_stroke_2013,Cardiovascular disease,Prognosis,female,Female sex,4,,1,indicator,1/0,dichotomy,,,,1,0.05,"Scored as a flat point, unlike CHA2DS2-VASc where a lone female point is conventionally treated as low risk. No such carve-out exists in ATRIA's banding."
ATRIA stroke risk score (atrial fibrillation),atria_stroke_2013,Cardiovascular disease,Prognosis,diabetes,Diabetes mellitus,4,,1,indicator,1/0,dichotomy,,,,1,0.05,
ATRIA stroke risk score (atrial fibrillation),atria_stroke_2013,Cardiovascular disease,Prognosis,heart_failure,Congestive heart failure,4,,1,indicator,1/0,dichotomy,,,,1,0.05,
ATRIA stroke risk score (atrial fibrillation),atria_stroke_2013,Cardiovascular disease,Prognosis,hypertension,Hypertension,4,,1,indicator,1/0,dichotomy,,,,1,0.05,
ATRIA stroke risk score (atrial fibrillation),atria_stroke_2013,Cardiovascular disease,Prognosis,(rate table),Annual thromboembolic rate by score,,,,n/a,"banded, not per-point",none,,,,,,"Table 4 gives events, person-years and rate per 100 person-years for each score 0-15. Only the three-way band it defines is shipped (<=5 low, 6 moderate, >=7 high); the per-point rates are a finer claim than external validations have agreed on, so `risk` is None, matching the treatment of CHA2DS2-VASc above."
BCRAT / Gail model (absolute invasive breast cancer risk),bcrat,Breast cancer,Prediction,n_relatives,First-degree relatives with breast cancer (NR),1,0.9583027845,,"count, categorised",0 or unknown -> 0; 1 -> 1; 2+ -> 2. Pooled to max 1 in Asian and Hispanic strata.,categorical,,,,2.287,0.4341074182650758,"Also carries the model's only interaction, AF x NR at -0.191, the effect of relatives is BLUNTED in women who gave birth late. Two risk factors that are individually adverse are less than additive."
BCRAT / Gail model (absolute invasive breast cancer risk),bcrat,Breast cancer,Prediction,n_biopsies,Number of previous benign breast biopsies (NB),2,0.5292641686,,"count, categorised",0 or unknown -> 0; 1 -> 1; 2+ -> 2. Pooled to max 1 in Hispanic strata.,categorical,,,,0.659,0.12514828734377792,"THE ONLY AGE-VARYING TERM. At attained age >= 50 an extra -0.2880424830 is added per biopsy, so the effective coefficient falls from 0.529 to 0.241, biopsies matter less than half as much in older women. This is applied at ATTAINED age during the integration, not at the age of entry, so a single projection can use both values as the woman crosses 50."
BCRAT / Gail model (absolute invasive breast cancer risk),bcrat,Breast cancer,Prediction,age_first_birth,Age at first live birth (AF),3,0.2186262218,,"years, categorised",<20 or unknown -> 0; 20-24 -> 1; 25-29 or NULLIPAROUS -> 2; >=30 -> 3,categorical,,,,0.639,0.12129405786118709,"NULLIPAROUS IS CODED AS 98 AND MAPS TO CATEGORY 2, i.e. a woman who has never given birth is scored the same as one whose first birth was at 25-29. Dropped entirely (coefficient 0) in the black/CARE stratum."
BCRAT / Gail model (absolute invasive breast cancer risk),bcrat,Breast cancer,Prediction,age_menarche,Age at menarche (AM),4,0.0940103059,,"years, categorised",>=14 or unknown -> 0; 12-13 -> 1; <12 -> 2,categorical,,,,0.201,0.03813275297779648,"Smallest of the four. Categories <12 and 12-13 are POOLED in the black stratum, and the whole variable is dropped in the US-born Hispanic one."
BCRAT / Gail model (absolute invasive breast cancer risk),bcrat,Breast cancer,Prediction,atypical_hyperplasia,"Biopsy histology, atypical hyperplasia (R_hyp)",5,,,multiplier,"relative-risk MULTIPLIER: no -> 0.93, yes -> 1.82, unknown -> 1.00. Enters as ln(R_hyp).",derived,,,,,,"Not a beta, a multiplicative factor logged into the linear predictor. Forced to 1.0 (no effect) when n_biopsies is 0, since there is no histology without a biopsy."
BCRAT / Gail model (absolute invasive breast cancer risk),bcrat,Breast cancer,Prediction,start_age / end_age,Attained age (risk projection interval),,,,years,selects the 5-year SEER hazard band via floor((age-20)/5); integration proceeds one year at a time,banding + integration,,,,1.482,0.2813174835521627,The largest driver of absolute risk and NOT a regression term at all. lambda1 (breast cancer incidence) rises from 0.00001 at 20-24 to 0.00444 at 80-84 in the white stratum. This is why BCRAT is a competing-risk absolute-risk model rather than a regression.
BCRAT / Gail model (absolute invasive breast cancer risk),bcrat,Breast cancer,Prediction,race,Race / ethnicity,,,,6 strata,"selects BETA, ONE_MINUS_AR, LAMBDA1 and LAMBDA2 simultaneously, four tables at once",derived,"none, every stratum has its own full parameter set",,,,,"Not a covariate. It swaps the entire model, including which risk factors are present. This port collapses six Asian-American subgroups to one ""asian"" stratum using Chinese rates as a proxy."
BCRAT / Gail model (absolute invasive breast cancer risk),bcrat,Breast cancer,Prediction,(1 - attributable risk),Attributable-risk adjustment,,0.5788413,,multiplier,scales lambda1 down so the baseline hazard is risk-factor-FREE,derived,,,,,,SEER incidence already contains the population's average relative risk. Multiplying by (1-AR) removes it so RR is not double-counted. Omitting this step inflates every estimate by ~1.7x.
"BCSC breast density model (Tice 2008, the BCSC calculator's version 1.0, 5-year risk)",bcsc_v2,Breast cancer,Prediction,density,BI-RADS breast density category (1-4),1,,,"relative hazard, 4 categories",relative hazard vs category 2 (reference): under 65 -> 0.48107 / 1.00 / 1.5506 / 2.0119; 65+ -> 0.65706 / 1.00 / 1.3881 / 1.4499,categorical,,,,1.706,0.34775092055544754,"The only input with a DIFFERENT coefficient set before vs after age 65, the paper reports the density association is significantly stronger in younger women (P for interaction < .001), so the under-65 table is not simply extrapolated to older women."
"BCSC breast density model (Tice 2008, the BCSC calculator's version 1.0, 5-year risk)",bcsc_v2,Breast cancer,Prediction,biopsy_history,History of a breast biopsy,2,,,multiplier,"never -> 0.906; >=1 biopsy -> 1.495. Unknown -> no multiplication (factor of 1), not an imputed average.",dichotomy,,,,0.725,0.14768229095644522,"Simple population-wide multiplier, unlike BCRAT's n_biopsies which is banded 0/1/2+ and age-varying. This model's biopsy input carries no histology detail (atypical hyperplasia, LCIS), that granularity is the 2015 update's contribution, not yet implemented (see `future_enhancement` on this model's registry entry)."
"BCSC breast density model (Tice 2008, the BCSC calculator's version 1.0, 5-year risk)",bcsc_v2,Breast cancer,Prediction,family_history,First-degree relative with breast cancer,3,,,multiplier,"no relatives -> 0.938; >=1 relative -> 1.454. Unknown -> no multiplication (factor of 1), not an imputed average.",dichotomy,,,,0.613,0.12496494056453299,"Unlike BCRAT's n_relatives (banded 0/1/2+, with a family-history x parity interaction), this is a flat yes/no with no count or interaction term."
"BCSC breast density model (Tice 2008, the BCSC calculator's version 1.0, 5-year risk)",bcsc_v2,Breast cancer,Prediction,start_age,Age at the start of the 5-year window,,,,years,"selects a point on the cubic incidence polynomial and exponential mortality curve for each of 5 consecutive integer ages, and selects the age band for both the density-adjustment factor and the under-65/65+ density relative-hazard table","fractional polynomial, banding",,,,1.42,0.2894426409206999,"The largest driver of absolute risk and not a regression coefficient at all. I(x,white) rises from about 0.22% at 50 to 0.32% at 65 before any risk factor is applied. Also the one input with a hard discontinuity built in: BI-RADS 4's relative hazard drops from 2.0119 to 1.4499 exactly at age 65, a real effect the paper reports rather than a smoothing artifact to remove."
"BCSC breast density model (Tice 2008, the BCSC calculator's version 1.0, 5-year risk)",bcsc_v2,Breast cancer,Prediction,race,Race / ethnicity,,,,4 strata,"selects BASELINE_INCIDENCE, MORTALITY and AGE_RACE_DENSITY_ADJUSTMENT simultaneously, three tables at once",derived,"none, every stratum has its own full parameter set",,,0.442,0.09015920700287439,"Not a covariate in the usual sense. It swaps the entire baseline model, and Asian women show both the lowest baseline incidence and the lowest density-adjustment factors of the four strata the paper reports."
PREDICT Breast v2.2 (prognosis + adjuvant treatment benefit),predict_breast,Breast cancer,Prognosis,nodes,Number of positive lymph nodes,1,0.7060723,,count,log((nodes + 1)/10) + 1.387566896,log + centering,,,,,,"The +1 inside the log is what lets node-negative disease (0 nodes) be scored at all. Because it is logarithmic, going 0 -> 1 node adds 0.49 to the index while 9 -> 10 adds 0.07."
PREDICT Breast v2.2 (prognosis + adjuvant treatment benefit),predict_breast,Breast cancer,Prognosis,size_mm,Tumour size,2,0.7530729,,mm,ER+: log(size/100) + 1.545233938; ER-: (size/100)^0.5 - 0.5090456276,log (ER+) / power (ER-),,,,,,"DIFFERENT FUNCTIONAL FORMS BY ER STATUS, log for ER-positive, square root for ER-negative. Not a different coefficient on the same transform. Size is in MILLIMETRES and divided by 100 first."
PREDICT Breast v2.2 (prognosis + adjuvant treatment benefit),predict_breast,Breast cancer,Prognosis,age,Age at diagnosis,3,34.53642,,years,"ER+: two fractional polynomials, (age/10)^-2 - 0.0287449295 and (age/10)^-2 * ln(age/10) - 0.0510121013. ER-: linear, (age - 56.3254902) with beta 0.0089827",fractional polynomial (ER+) / centering (ER-),,,,,,"The two ER-positive coefficients are enormous (+34.5 and -34.2) and nearly cancel, that is normal for fractional polynomials and means nothing about importance. Reading either one alone is meaningless. Age also drives the SEPARATE other-cause mortality index mi, at 0.0698252 per year centered on 34.23."
PREDICT Breast v2.2 (prognosis + adjuvant treatment benefit),predict_breast,Breast cancer,Prognosis,grade,Histological grade,4,0.746655,,grade 1-3,"ER+: entered as the number 1/2/3. ER-: COLLAPSED TO BINARY, 1 if grade 2 or 3 else 0. Unknown -> 2.13",identity (ER+) / dichotomy (ER-),,,,,,"Unknown grade is imputed as 2.13, a non-integer, which is the reference implementation's own device for the cohort mean."
PREDICT Breast v2.2 (prognosis + adjuvant treatment benefit),predict_breast,Breast cancer,Prognosis,er_positive,Oestrogen receptor status,,,,indicator,selects the entire ER_POS or ER_NEG parameter block,derived,,,,,,"Not a term. It switches age, size and grade to different functional forms and turns Ki67 on or off."
PREDICT Breast v2.2 (prognosis + adjuvant treatment benefit),predict_breast,Breast cancer,Prognosis,her2,HER2 status,5,0.2413,,1 positive / 0 negative / 9 unknown,"lookup: positive +0.2413, negative -0.0762, unknown 0.0",categorical,"unknown (coded 9, contributes 0)",,,,,"The reference level is UNKNOWN, not negative. So both known values move the index, in opposite directions, away from an unknown patient."
PREDICT Breast v2.2 (prognosis + adjuvant treatment benefit),predict_breast,Breast cancer,Prognosis,ki67,Ki67 status,6,0.14904,,1 positive / 0 negative / 9 unknown,"lookup: positive +0.14904, negative -0.11333, unknown 0.0. APPLIED ONLY IF ER-POSITIVE.",categorical,unknown,,,,,"Silently ignored for ER-negative disease, the term is multiplied out, not merely small."
PREDICT Breast v2.2 (prognosis + adjuvant treatment benefit),predict_breast,Breast cancer,Prognosis,screen_detected,Screen-detected,7,-0.22763366,,indicator,"1 if screen-detected, 0 if symptomatic, 0.204 if UNKNOWN",dichotomy with fractional imputation,,,,,,"Unknown is imputed as 0.204, i.e. a fractional indicator, the cohort proportion. EXACTLY ZERO in the ER-negative model."
PREDICT Breast v2.2 (prognosis + adjuvant treatment benefit),predict_breast,Breast cancer,Prognosis,(baseline hazards),Two cumulative baseline hazards,,,,n/a,"closed-form functions of time in years, one per cause; all-cause mortality is apportioned between causes in proportion to annual hazards",derived,,,,,,
"PREDICT Breast v2.2, adjuvant treatment benefit",predict_breast_response,Breast cancer,Response,chemo_generation,Chemotherapy generation,1,-0.446,,0 none / 2 second generation / 3 third generation,"lookup: none 0.0, second generation -0.248, third generation -0.446",categorical,no chemotherapy,,,,,"HR 0.64 for third generation, 0.78 for second. There is no 'first generation' level."
"PREDICT Breast v2.2, adjuvant treatment benefit",predict_breast_response,Breast cancer,Response,hormone,Adjuvant endocrine therapy,2,-0.3857,,indicator,-0.3857 for years 1-10; an ADDITIONAL -0.26 for years 11-15 if extended_hormone,dichotomy + time-varying,,,,,,THE ONLY TIME-VARYING TERM IN THE MODEL. The extra years-11-15 effect is the ATLAS/aTTom extended-endocrine result. A benefit computed at 10 years and one computed at 15 years are not on the same scale.
"PREDICT Breast v2.2, adjuvant treatment benefit",predict_breast_response,Breast cancer,Response,trastuzumab,Trastuzumab,3,-0.3567,,indicator,"1/0, applied only where HER2-positive",dichotomy,,,,,,
"PREDICT Breast v2.2, adjuvant treatment benefit",predict_breast_response,Breast cancer,Response,bisphosphonate,Bisphosphonate,4,-0.198,,indicator,1/0,dichotomy,,,,,,
"PREDICT Breast v2.2, adjuvant treatment benefit",predict_breast_response,Breast cancer,Response,(radiotherapy),Radiotherapy,,0.0,,indicator,"GATED OFF, r.enabled = 0 in v2.2, so every radiotherapy term evaluates to zero",none,,,,,,Present in the reference source and deliberately disabled there. We mirror the disabling exactly rather than silently enabling a pathway the reference turns off. Do not read a zero benefit here as a claim that radiotherapy does not help.
"PLCOm2012 (6-year lung-cancer risk, ever-smokers)",plcom2012,Lung cancer,Prediction,(intercept),Intercept,,-4.532506,,logit,1,none,,,,,,
"PLCOm2012 (6-year lung-cancer risk, ever-smokers)",plcom2012,Lung cancer,Prediction,smoking_duration_years,Duration of smoking,1,0.0317321,,years,smoking_duration_years - 27,centering,,OR 1.032 (1.014-1.051) per year,,1.311,0.17567460910418906,
"PLCOm2012 (6-year lung-cancer risk, ever-smokers)",plcom2012,Lung cancer,Prediction,cigarettes_per_day,Smoking intensity,2,-1.822606,,cigarettes/day,(cigarettes_per_day / 10)^-1 - 0.4021541613,reciprocal + centering,,,,1.72,0.230561824791744,"A RECIPROCAL, and the sign is the thing everyone gets wrong. The coefficient is NEGATIVE and the transform is 1/x, so more cigarettes means a smaller x and therefore MORE risk. The effect saturates: going 5 -> 10 cigarettes/day moves the term by 1.0, while 40 -> 60 moves it by 0.08. Never linearise this. Also note it is undefined at 0, the model is for ever-smokers only and raises otherwise."
"PLCOm2012 (6-year lung-cancer risk, ever-smokers)",plcom2012,Lung cancer,Prediction,quit_years,Years since quitting,3,-0.0308572,,years,quit_years - 10,centering,,OR 0.970 (0.950-0.990) per year,,0.798,0.10701099627808248,Must be 0 for current smokers; the module enforces the consistency.
"PLCOm2012 (6-year lung-cancer risk, ever-smokers)",plcom2012,Lung cancer,Prediction,age,Age,4,0.0778868,,years,age - 62,centering,,OR 1.081 (1.057-1.105) per year,,1.887,0.25298946442185516,
"PLCOm2012 (6-year lung-cancer risk, ever-smokers)",plcom2012,Lung cancer,Prediction,race,Race / ethnic group,5,,,6 categories,white 0 (reference); black +0.3944778; hispanic -0.7434744; asian -0.466585; American Indian/Alaskan Native 0.0; Native Hawaiian/Pacific Islander +1.027152,categorical,white,black OR 1.484 (1.083-2.033); hispanic OR 0.475 (0.195-1.160); asian OR 0.627 (0.332-1.185),,,,"American Indian / Alaskan Native is printed as EXACTLY 0 in Table 2, identical to the white reference, that is what the table says, not a missing value. Native Hawaiian/Pacific Islander at +1.027 is the largest categorical term in the model, larger than COPD or family history."
"PLCOm2012 (6-year lung-cancer risk, ever-smokers)",plcom2012,Lung cancer,Prediction,family_history_lung_cancer,Family history of lung cancer,6,0.587185,,indicator,1/0,dichotomy,,OR 1.799 (1.471-2.200),,0.769,0.10309676309548194,
"PLCOm2012 (6-year lung-cancer risk, ever-smokers)",plcom2012,Lung cancer,Prediction,personal_cancer_history,Personal history of cancer,7,0.4589971,,indicator,1/0,dichotomy,,OR 1.582 (1.172-2.128),,,,
"PLCOm2012 (6-year lung-cancer risk, ever-smokers)",plcom2012,Lung cancer,Prediction,copd,COPD,8,0.3553063,,indicator,1/0,dichotomy,,OR 1.427 (1.162-1.751),,0.412,0.055253120972341876,
"PLCOm2012 (6-year lung-cancer risk, ever-smokers)",plcom2012,Lung cancer,Prediction,current_smoker,Smoking status,9,0.2597431,,indicator,"1 if current, 0 if former",dichotomy,former smoker,OR 1.297 (1.047-1.605),,,,"Never-smokers are out of scope entirely, not a third level."
"PLCOm2012 (6-year lung-cancer risk, ever-smokers)",plcom2012,Lung cancer,Prediction,education_level,Education,10,-0.0812744,,ordinal 1-6,education_level - 4,centering,,OR 0.922 (0.874-0.972) per level,,,,"A 6-level ordinal entered as a NUMBER (1 = less than high school, 6 = postgraduate), centered on 4. Treating it as unordered categories changes the model."
"PLCOm2012 (6-year lung-cancer risk, ever-smokers)",plcom2012,Lung cancer,Prediction,bmi,Body-mass index,11,-0.0274194,,kg/m2,bmi - 27,centering,,OR 0.973 (0.955-0.991) per unit,,0.563,0.07541322133630549,"NEGATIVE, higher BMI predicts LOWER lung-cancer risk here. This is the well-known reverse-causation/confounding signal (weight loss precedes diagnosis, smoking suppresses weight), not a protective effect of obesity. Do not correct the sign."
"LIPI (Lung Immune Prognostic Index, ICI outcomes)",lipi,Lung cancer,Response,dnlr,Derived neutrophil-to-lymphocyte ratio,1,,1 if > 3.0,ratio,"dNLR = neutrophils / (leukocytes - neutrophils), then dichotomised at 3.0",derived + dichotomy,,,,1,0.5,"The DENOMINATOR IS THE NON-NEUTROPHIL WHITE COUNT, not the lymphocyte count. That is what makes it ""derived"" and why it can be computed from a differential that lacks lymphocytes. Substituting an ordinary NLR gives a systematically different number."
"LIPI (Lung Immune Prognostic Index, ICI outcomes)",lipi,Lung cancer,Response,ldh,Lactate dehydrogenase,1,,1 if > upper limit of normal,U/L,dichotomised against the REPORTING LAB'S OWN upper limit of normal,dichotomy,,,,1,0.5,"There is no universal cutoff, so both the value and its ULN must be supplied. Hard-coding a threshold makes the score non-transferable between laboratories."
LIPI (prognostic use in advanced NSCLC),lipi_prognosis,Lung cancer,Prognosis,dnlr,Derived neutrophil-to-lymphocyte ratio,1,,1 if > 3.0,ratio,"neutrophils / (leukocytes - neutrophils), dichotomised at 3.0",derived + dichotomy,,,,,,
LIPI (prognostic use in advanced NSCLC),lipi_prognosis,Lung cancer,Prognosis,ldh,Lactate dehydrogenase,1,,1 if > upper limit of normal,U/L,dichotomised against the reporting lab's ULN,dichotomy,,,,,,
"CRC-PRO (10-year colorectal cancer risk, Multi-Ethnic Cohort)",crc_pro,Colorectal cancer,Prediction,age,Age,1,0.091669179,,years,"linear + RCS knots at 47, 60, 72 (both sexes)",spline,,"adjusted HR 3.03 (2.69-3.41) men, 2.81 (2.48-3.18) women, for age 67 vs 52","men +0.163280, women +0.157655",6.833,0.48749024883251046,
"CRC-PRO (10-year colorectal cancer risk, Multi-Ethnic Cohort)",crc_pro,Colorectal cancer,Prediction,ethnicity,Race / ethnicity,2,,,5 categories,"men: hawaiian +0.16092241, japanese +0.25353936, latino -0.13659953, white -0.16728044. women: hawaiian -0.24100367, japanese +0.014010715, latino -0.39669678, white -0.34056094",categorical,black,"men, Japanese vs white HR 1.52 (1.31-1.77); women, black vs white HR 1.41 (1.18-1.67)","men +0.009710, women +0.010010",1.046,0.0746249620095747,"THE REFERENCE IS BLACK, not white. Every printed coefficient is relative to Black participants, so all four levels in the women's model being negative means all four are lower-risk than Black women, not that they are protective in the abstract. Note the signs also FLIP by sex for Hawaiian (+0.161 men, -0.241 women)."
"CRC-PRO (10-year colorectal cancer risk, Multi-Ethnic Cohort)",crc_pro,Colorectal cancer,Prediction,pack_years,Pack-years of smoking,3,0.00022581331,,pack-years,"men: linear + RCS at 0, 6.375, 39.525. women: linear + RCS at 0, 1.25, 6.375, 27.5125 (FOUR knots, the paper could not fit three)",spline,,men HR 1.06 (0.93-1.21) for 19.8 vs 0 pack-years,"men +0.005224 (rank 3), women +0.002476 (rank 6)",0.715,0.05103193423643547,"The men's linear coefficient is 0.000226, essentially zero, because almost all of the effect is carried by the spline terms. Reading the linear coefficient alone would conclude smoking does not matter."
"CRC-PRO (10-year colorectal cancer risk, Multi-Ethnic Cohort)",crc_pro,Colorectal cancer,Prediction,alcohol_drinks_per_day,Alcohol,4,0.28379769,,drinks/day,"men: linear + RCS at 0, 0.14457189, 2.8477722. women: linear + RCS at 0, 0.10740682, 0.8099724",spline,,men HR 1.26 (1.13-1.41) for 1.15 vs 0 drinks/day; women HR 0.99 (0.93-1.06) for 0.1 vs 0,"men +0.003229 (rank 4), women +0.000976 (rank 11)",1.039,0.0741127812521767,"SIGN FLIPS BY SEX on the linear term (+0.284 men, -0.089 women), the spline knots differ too."
"CRC-PRO (10-year colorectal cancer risk, Multi-Ethnic Cohort)",crc_pro,Colorectal cancer,Prediction,weight_lb / height_in,Body-mass index,5,0.018020786,,"pounds and inches IN, kg/m2 in the equation","BMI = (weight_lb * 0.45359237) / (height_in * 0.0254)^2, then linear + RCS at 22.047175, 25.941735, 31.778341 (men) or 20.371336, 25.508027, 33.722266 (women)",derived + spline,,men HR 1.12 (1.04-1.21) for BMI 28.7 vs 23.8,"men +0.002821 (rank 5), women +0.001300 (rank 9)",1.566,0.11170024151383477,"INPUTS ARE POUNDS AND INCHES. The spline knots assume the app's own conversion, so supplying kg/cm and converting yourself will land on the wrong side of a knot."
"CRC-PRO (10-year colorectal cancer risk, Multi-Ethnic Cohort)",crc_pro,Colorectal cancer,Prediction,years_education,Years of education,6,0.072052428,,years,"linear + RCS at 7, 14, 18 (both sexes)",spline,,men HR 0.94 (0.85-1.03) for 16 vs 12 years; women HR 1.01 (0.97-1.06) for 14 vs 12,"men +0.002333 (rank 6), women +0.003243 (rank 3)",0.621,0.04433317702564298,
"CRC-PRO (10-year colorectal cancer risk, Multi-Ethnic Cohort)",crc_pro,Colorectal cancer,Prediction,family_history,Family history of colon cancer,7,0.24250922,,indicator,1/0,dichotomy,,men HR 1.27 (1.08-1.51); women HR 1.37 (1.17-1.61),"men +0.001526, women +0.001839",0.55,0.0392434444800647,
"CRC-PRO (10-year colorectal cancer risk, Multi-Ethnic Cohort)",crc_pro,Colorectal cancer,Prediction,multivitamin,Regular multivitamin use,8,-0.19175375,,indicator,1/0,dichotomy,,men HR 0.83 (0.74-0.92); women HR 0.85 (0.76-0.95),,0.351,0.025065982923429837,
"CRC-PRO (10-year colorectal cancer risk, Multi-Ethnic Cohort)",crc_pro,Colorectal cancer,Prediction,diabetes,History of diabetes,9,0.11020556,,indicator,1/0,dichotomy,,men HR 1.12 (0.96-1.30); women HR 1.26 (1.08-1.48),"men +0.000600 (rank 11), women +0.002600 (rank 5)",0.234,0.016686764973631547,"Ranked 11th in men and 5th in women, one of the clearest sex differences in the model."
"CRC-PRO (10-year colorectal cancer risk, Multi-Ethnic Cohort)",crc_pro,Colorectal cancer,Prediction,aspirin,Regular aspirin use,10,-0.20960315,,no / previously / currently,no 0 (reference); previously -0.032284161; currently -0.20960315,categorical,no,HR 0.81 (0.71-0.92) current vs no,,0.381,0.027167981854705377,MEN'S MODEL ONLY. Excluded from the women's model by the stepwise fit.
"CRC-PRO (10-year colorectal cancer risk, Multi-Ethnic Cohort)",crc_pro,Colorectal cancer,Prediction,red_meat_oz_per_day,Red meat intake,11,0.073141733,,ounces/day,"linear + RCS at 0.59081962, 2.0822052, 5.0656345",spline,,,men +0.000622 (rank 10); EXCLUDED from the women's model,0.303,0.021608678858874537,MEN'S MODEL ONLY.
"CRC-PRO (10-year colorectal cancer risk, Multi-Ethnic Cohort)",crc_pro,Colorectal cancer,Prediction,activity_hours_per_day,Moderate physical activity,12,-0.090669913,,hours/day,"linear + RCS at 0.10714286, 0.82142857, 3.5357143",spline,,men HR 0.92 (0.83-1.02) for 1.6 vs 0.4 hours/day,men +0.000513 (rank 12); EXCLUDED from the women's model,0.378,0.026933802039118885,MEN'S MODEL ONLY.
"CRC-PRO (10-year colorectal cancer risk, Multi-Ethnic Cohort)",crc_pro,Colorectal cancer,Prediction,estrogen,Estrogen use,4,-0.24500762,,no / previously / currently,no 0 (reference); previously -0.044320489; currently -0.24500762,categorical,no,HR 0.78 (0.68-0.90) current vs no,women +0.003139 (rank 4),,,"WOMEN'S MODEL ONLY, and the site of a real defect in the deployed calculator: its UI emits ""Yes, but not currently"" while the model tests for ""Yes-previously"", so the -0.044320489 term is unreachable there and a woman reporting PREVIOUS estrogen use is scored as if she reported none. We implement the paper (all three levels live); emulate_deployed_defect=True reproduces the tool."
"CRC-PRO (10-year colorectal cancer risk, Multi-Ethnic Cohort)",crc_pro,Colorectal cancer,Prediction,nsaid,Regular NSAID use,10,-0.236997,,no / previously / currently,no 0 (reference); previously -0.046383323; currently -0.236997,categorical,no,HR 0.79 (0.66-0.94) current vs no,women +0.001097 (rank 10); EXCLUDED from the men's model,,,"WOMEN'S MODEL ONLY, this is the sex difference the paper calls out by name."
MSK rectal calculator (RFS + OS after CRT and surgery),msk_rectal,Colorectal cancer,Prognosis,ypt,ypT stage (post-treatment pathological T),1,1.521675,,ypT0-ypT4,"RFS: indicators for T2 (+0.3143759), T3 (+0.6630723), T4 (+1.521675) against ypT0/T1. OS: indicators for T3 (+0.2726462) and T4 (+1.386825) against ypT0/T1/T2.",categorical,RFS: ypT0/T1.  OS: ypT0/T1/T2. DIFFERENT,,,30.283,0.2696140631843851,"MSK's own web form REJECTS ypT0 for an incomplete responder, because in its UI ypT0 means complete response and routes the patient elsewhere. The equation's RFS reference group is nonetheless labelled ypT0/T1, so this module accepts it, that corner is covered by the equation alone and no live reference value can be captured for it."
MSK rectal calculator (RFS + OS after CRT and surgery),msk_rectal,Colorectal cancer,Prognosis,positive_nodes,Number of positive lymph nodes,2,0.522283,,count,"linear + restricted cubic spline, knots at 0, 1, 3",spline,,,,13.87,0.12348908757832254,"Knots at 0, 1 and 3 mean essentially all the resolution is in the first three nodes. Going 0 -> 1 node matters enormously; 7 -> 9 barely registers."
MSK rectal calculator (RFS + OS after CRT and surgery),msk_rectal,Colorectal cancer,Prognosis,perineural_invasion,Perineural invasion,3,0.6336823,,indicator,1/0,dichotomy,,"eTable prints HR 2.02 for OS; exp(0.6762158) = 1.97. The eTable and eFigure disagree for OS, see note.",,13.772,0.12261427257053634,
MSK rectal calculator (RFS + OS after CRT and surgery),msk_rectal,Colorectal cancer,Prognosis,venous_invasion,Venous invasion,5,0.136099,,indicator,1/0,dichotomy,,,,8.846,0.07875195270115153,"A 3.5-fold difference between endpoints (0.136 RFS vs 0.470 OS) and the single coefficient most at risk of transcription error: read from a rendered figure, it could have been 0.470128 or 0.0470128, and a dropped leading zero would have moved the hazard ratio from 1.60 to 1.05. Re-read at 600 dpi from independent renders."
MSK rectal calculator (RFS + OS after CRT and surgery),msk_rectal,Colorectal cancer,Prognosis,distance_to_anal_verge_cm,Distance from the anal verge,4,-0.3811237,,cm,DICHOTOMISED at 5 cm: 1 if >= 5 cm else 0,dichotomy,,,,8.337,0.07422868222783999,"A continuous measurement thrown away except for one threshold. 4.9 cm and 0.5 cm score identically. Protective sign, tumours further from the verge do better."
MSK rectal calculator (RFS + OS after CRT and surgery),msk_rectal,Colorectal cancer,Prognosis,age,Age,6,0.00535203,,years,"OS ONLY: linear + restricted cubic spline, knots at 36, 52, 64, 78.7",spline,,,,37.212,0.33130194173776456,"ABSENT FROM THE RFS MODEL ENTIRELY. This asymmetry is why OS can come out BELOW RFS for an older patient, which looks like a bug and is not. MSK's own deployed tool does the same. The two endpoints are separate marginal Cox fits, not a nested pair."
"Wang 2024 dynamic nomogram, pathological complete response after neoadjuvant chemoradiotherapy in locally advanced rectal cancer",wang_larc_pcr,Colorectal cancer,Response,(intercept),Intercept,,-0.0131,,logit,1,none,,,,,,"Statistically indistinguishable from zero (SE 0.2588, p 0.96) and still indispensable, it fixes the reference patient (cN0, cT2, EMVI-negative, no TNT, adenocarcinoma, CEA 0) at P(pCR) = 0.497, and every other prediction hangs off that. This one number is what the published article is missing."
"Wang 2024 dynamic nomogram, pathological complete response after neoadjuvant chemoradiotherapy in locally advanced rectal cancer",wang_larc_pcr,Colorectal cancer,Response,histopathology,Histopathology (signet-ring cell / mucinous vs adenocarcinoma),1,-1.4323,,indicator,1 if signet-ring cell carcinoma or mucinous adenocarcinoma else 0,dichotomy,adenocarcinoma,Table 4 OR 4.608 (2.625-8.089) stated the other way round (adenocarcinoma vs signet-ring/mucinous); exp(1.4323) = 4.19 here,,30.601,0.20505655414745388,SIGNET-RING AND MUCINOUS ARE POOLED into one level. A caller expecting two distinct effects will get a plausible wrong number for one of them.
"Wang 2024 dynamic nomogram, pathological complete response after neoadjuvant chemoradiotherapy in locally advanced rectal cancer",wang_larc_pcr,Colorectal cancer,Response,cea_ng_ml,Pre-CRT carcinoembryonic antigen,2,-0.0584,,ng/mL,"linear, per ng/mL, over 0-24 only",identity,,Table 4 OR 0.944 (0.921-0.968); exp(-0.0584) = 0.943,,30.123,0.20185133662735705,"NEGATIVE, while the paper's points term reads ""+3.85 x CEA"". Both are right: the points axis is reversed ("">= 24 = 0""). Bounded to 0-24 ng/mL because that is the authors' own slider range and the paper's explicit floor; outside it the module raises rather than extrapolating a linear logit term."
"Wang 2024 dynamic nomogram, pathological complete response after neoadjuvant chemoradiotherapy in locally advanced rectal cancer",wang_larc_pcr,Colorectal cancer,Response,t_stage,Pre-CRT clinical T stage,3,1.3364,,category,"unordered factor, reference cT2: cT1 +1.3364, cT3 +0.5773, cT4 +0.0587",categorical,cT2,"Table 4 reports a single ordinal OR of 0.793 (0.634-0.993) per level, which is a DIFFERENT coding and does not reconcile term-by-term",,29.301,0.1963391447993324,"NOT MONOTONE, and the reference is cT2 rather than cT1, neither fact is recoverable from the paper. The fit says cT3 is MORE likely to reach pCR than cT2 (+0.5773, p 0.027) while cT4 is barely distinguishable from it (+0.0587, p 0.836). The authors' own calculator reproduces this. The level is also literally named `cTcT1` in their dataset, a doubled prefix."
"Wang 2024 dynamic nomogram, pathological complete response after neoadjuvant chemoradiotherapy in locally advanced rectal cancer",wang_larc_pcr,Colorectal cancer,Response,mri_emvi_positive,Pre-CRT MRI extramural venous invasion,4,-1.1061,,indicator,1 if EMVI positive else 0,dichotomy,EMVI negative,Table 4 OR 0.352 (0.262-0.473); exp(-1.1061) = 0.331,,25.057,0.16790074003935793,"The most statistically secure term in the model (Wald Z -7.37). Requires a staging MRI read for EMVI specifically, which is not universally reported."
"Wang 2024 dynamic nomogram, pathological complete response after neoadjuvant chemoradiotherapy in locally advanced rectal cancer",wang_larc_pcr,Colorectal cancer,Response,total_neoadjuvant_therapy,Total neoadjuvant therapy given,5,0.7642,,indicator,1 if TNT else 0,dichotomy,no TNT,Table 4 OR 2.264 (1.280-4.004); exp(0.7642) = 2.15,,18.269,0.12242051656235495,"The only modifiable input, this is a treatment choice, not a patient characteristic, so it is the term that makes the model a decision aid rather than a description."
"Wang 2024 dynamic nomogram, pathological complete response after neoadjuvant chemoradiotherapy in locally advanced rectal cancer",wang_larc_pcr,Colorectal cancer,Response,n_stage,Pre-CRT clinical N stage,6,-0.6596,,category,"unordered factor, reference cN0: cN1 -0.4513, cN2 -0.6596",categorical,cN0,"Table 4 reports a single ordinal OR of 0.727 (0.606-0.873) per level, a DIFFERENT coding",,15.883,0.10643170782414388,"Monotone, unlike T stage, but the cN1-to-cN2 step (-0.208) is less than half the cN0-to-cN1 step (-0.451), so an equal-spaced ordinal score overstates the top end."
aMAP score (5-year HCC risk in chronic hepatitis),amap,Liver cancer,Prediction,age,Age,1,0.06,,years,"age, untransformed; then the whole LP is rescaled (+7.4)/14.77*100",identity + rescaling,,,,20.311,0.37362298359665047,0.406 points of the 0-100 scale per year.
aMAP score (5-year HCC risk in chronic hepatitis),amap,Liver cancer,Prediction,platelets,Platelet count,2,-0.01,,x10^3/mm^3 (= x10^9/L),"platelets, untransformed",identity,,,,19.634,0.3611688841434289,"Negative, low platelets mean portal hypertension and advanced fibrosis. Ranges 60-350 in practice, so despite the small coefficient it contributes about 2.9 points per 100 x10^9/L."
aMAP score (5-year HCC risk in chronic hepatitis),amap,Liver cancer,Prediction,(ALBI component),"ALBI score, entered whole",3,0.48,,ALBI units,"0.66*log10(bilirubin_umol_l) - 0.085*albumin_g_l, computed first, then multiplied by 0.48",derived (nested model),,,,,,"ONE PUBLISHED MODEL NESTED INSIDE ANOTHER. This repo implements ALBI separately on the liver PROGNOSIS axis; the same arithmetic appears here on the DETECTION axis as a single term. Both use -0.085 on albumin, which is what Johnson 2015 prints."
aMAP score (5-year HCC risk in chronic hepatitis),amap,Liver cancer,Prediction,albumin_g_l,Serum albumin (via ALBI),4,-0.085,,g/L,enters ONLY through ALBI; effective aMAP coefficient is 0.48 * -0.085 = -0.0408 per g/L,identity (inside ALBI),,,,6.077,0.11178799669211784,"g/L, not g/dL. Multiply g/dL by 10."
aMAP score (5-year HCC risk in chronic hepatitis),amap,Liver cancer,Prediction,bilirubin_umol_l,Serum bilirubin (via ALBI),5,0.66,,umol/L,"log10(bilirubin), inside ALBI; effective aMAP coefficient is 0.48 * 0.66 = 0.317 per log10 unit",log10 (inside ALBI),,,,2.315,0.042578650434129804,"umol/L, not mg/dL, multiply mg/dL by 17.1. The log10 means a doubling of bilirubin adds only 0.095 to aMAP; the term saturates fast and cannot by itself push a patient into the high band."
aMAP score (5-year HCC risk in chronic hepatitis),amap,Liver cancer,Prediction,male,Male sex,6,0.89,,indicator,1/0,dichotomy,female,,,6.026,0.11084148513367295,"6.03 points on the 0-100 scale, about 15 years of age."
aMAP score (5-year HCC risk in chronic hepatitis),amap,Liver cancer,Prediction,(rescaling),Linear-predictor rescaling,,,,n/a,"(LP + 7.4) / 14.77 * 100, mapping onto 0-100",derived,,,,,,"UNRESOLVED: the custodial CUHK calculator's output sits 2-3 points ABOVE this published formula, while every individual slope matches. We implement the paper. Also, no continuous 5-year risk is shipped, whether the linear predictor is mean-centred before applying S0 = 0.984 is not resolvable from the text, and getting it wrong is a ~1.4x hazard multiplier."
HAP score (pre-TACE prognosis / candidacy),hap,Liver cancer,Response,albumin_g_l,Serum albumin,1,,1 if < 36,g/L,dichotomy at 36 g/L (strictly less than),dichotomy,,two- to threefold increase in risk of death,,1,0.25,"UNIT TRAP. Some renderings of the abstract print ""<36 g/dl""; 36 g/dL is not a physiological albumin concentration. The module requires g/L and converts from g/dL on request."
HAP score (pre-TACE prognosis / candidacy),hap,Liver cancer,Response,bilirubin_umol_l,Serum bilirubin,1,,1 if > 17,umol/L,dichotomy at 17 umol/L (strictly greater than),dichotomy,,two- to threefold increase in risk of death,,1,0.25,
HAP score (pre-TACE prognosis / candidacy),hap,Liver cancer,Response,afp_ng_ml,Alpha-fetoprotein,1,,1 if > 400,ng/mL,dichotomy at 400 ng/mL,dichotomy,,two- to threefold increase in risk of death,,1,0.25,
HAP score (pre-TACE prognosis / candidacy),hap,Liver cancer,Response,dominant_tumour_size_cm,Size of the dominant tumour,1,,1 if > 7,cm,dichotomy at 7 cm,dichotomy,,two- to threefold increase in risk of death,,1,0.25,"The DOMINANT tumour, not total tumour burden and not the sum of diameters."
HAP score (pre-TACE prognosis / candidacy),hap,Liver cancer,Response,(grade banding),Points -> HAP grade,,,,n/a,"A=0, B=1, C=2, D=>2, so grade D absorbs BOTH 3 and 4 points",banding,,,,,,Asymmetric by construction: A/B/C are exact counts and D is an inequality. Median OS by grade (27.6 / 18.5 / 9.0 / 3.6 months) is the UK derivation cohort's and does not transfer.
ALBI grade (albumin-bilirubin liver function),albi,Liver cancer,Prognosis,albumin_g_l,Serum albumin,1,-0.085,,g/L,"albumin, untransformed",identity,,,,2.125,0.712207791881078,"g/L not g/dL. This module shipped -0.0852 until 2026-08-05, taken from a search-result summary rather than the paper; the primary prints -0.085. The error shifted scores by +0.006 to +0.009, enough to flip a grade at the -2.60 or -1.39 boundary. Three independent sources agree on -0.085."
ALBI grade (albumin-bilirubin liver function),albi,Liver cancer,Prognosis,bilirubin_umol_l,Serum bilirubin,2,0.66,,umol/L,log10(bilirubin),log10,,,,0.859,0.287792208118922,"LOG BASE 10, not natural log. Using ln instead inflates the term by 2.3x. umol/L not mg/dL, multiply mg/dL by 17.1."
ALBI grade (albumin-bilirubin liver function),albi,Liver cancer,Prognosis,(grade thresholds),Grade cut-points,,,,n/a,grade 1 <= -2.60; -2.60 < grade 2 <= -1.39; grade 3 > -1.39,banding,,,,,,"ALBI grades LIVER FUNCTION, not tumour burden. It replaces Child-Pugh's subjective items (ascites, encephalopathy) with two objective labs, which is why it is fully reproducible from numbers alone. `risk` is None, it is a stratifier, not a probability."
ABC method (H. pylori antibody x pepsinogen serological groups A-D),abc_method,Gastric cancer,Prediction,(H. pylori x pepsinogen interaction),The 2x2 of antibody status against serological atrophy,1,,,group A-D,"(Hp-, PG-) -> A; (Hp+, PG-) -> B; (Hp+, PG+) -> C; (Hp-, PG+) -> D",interaction,,HR vs group A: B 1.1 (0.4-3.4); C 6.0 (2.4-14.5); D 8.2 (3.2-21.5),,,,"THE INTERACTION IS THE MODEL. Neither test is informative alone: the highest-risk group D is antibody-NEGATIVE, below group C which is positive. No additive combination of the two tests can produce that ordering, which is why this is recorded as a parameter in its own right rather than as a note on the two components."
ABC method (H. pylori antibody x pepsinogen serological groups A-D),abc_method,Gastric cancer,Prediction,h_pylori_antibody_positive,H. pylori antibody,2,,,indicator,"1/0, then crossed with pepsinogen status into a 2x2",dichotomy + interaction,,,,0.02,0.03448275862068965,NOT MONOTONE ON ITS OWN. Seronegative is lower risk without atrophy (group A) and HIGHER risk with it (group D). Reading this variable in isolation inverts the conclusion for the highest-risk group.
ABC method (H. pylori antibody x pepsinogen serological groups A-D),abc_method,Gastric cancer,Prediction,pepsinogen_i,Serum pepsinogen I,3,,,ng/mL,"atrophic if pepsinogen_i <= 70 AND ratio <= 3.0, an AND, so neither alone suffices",dichotomy (conjunctive),,,,,,"The conjunction matters: sweeping PG I alone can never flip atrophy status, because the ratio has to move with it. Assay-specific."
ABC method (H. pylori antibody x pepsinogen serological groups A-D),abc_method,Gastric cancer,Prediction,pepsinogen_i_ii_ratio,Pepsinogen I / II ratio,3,,,ratio,part of the same conjunction; atrophic requires ratio <= 3.0,dichotomy (conjunctive),,,,0.56,0.9655172413793103,
ABC method (H. pylori antibody x pepsinogen serological groups A-D),abc_method,Gastric cancer,Prediction,prior_eradication,History of H. pylori eradication,,,,indicator,"INVALIDATES the classification, flagged, not scored",none,,,,,,"Seroreversion after eradication moves people into groups A/B while atrophy, and risk, persist. The module flags this rather than returning a number that would be wrong."
ABC method (H. pylori antibody x pepsinogen serological groups A-D),abc_method,Gastric cancer,Prediction,(group -> incidence),Annual gastric-cancer incidence by group,,,,probability/year,"A 0.04%, B 0.06%, C 0.35%, D 0.60%",categorical,,,,,,"JAPANESE RATES from a health-checkup endoscopy cohort. The ordering transfers to lower-incidence populations; the absolute numbers do not. Group A is low-risk, NOT zero-risk, 7 of 3324 group-A subjects developed gastric cancer."
MSK gastric nomogram (disease-specific survival after R0 resection),msk_gastric,Gastric cancer,Prognosis,depth,Depth of invasion,1,0.6913717,,ordinal 1-7,"coded 1-7 in the order mucosa, submucosa, propria muscularis, subserosa, suspected serosal invasion, definite serosal invasion, adjacent organ involvement; then linear + RCS at 2, 4, 6",ordinal + spline,,,,46.848,0.22929947666456182,"TREATING THIS AS INDICATORS, OR REORDERING THE LEVELS, SILENTLY CHANGES EVERY PREDICTION. The seven levels are a numeric scale that gets splined, which only works if the ordering is exactly the one the source factor declares."
MSK gastric nomogram (disease-specific survival after R0 resection),msk_gastric,Gastric cancer,Prognosis,positive_nodes,Positive lymph nodes resected,2,0.34360148,,count,"linear + RCS at 0, 1, 11",spline,,,,53.048,0.2596422950451193,Validated range 0-23; the splines are only anchored inside it.
MSK gastric nomogram (disease-specific survival after R0 resection),msk_gastric,Gastric cancer,Prognosis,negative_nodes,Negative lymph nodes resected,3,-0.047258944,,count,"linear + RCS at 5, 17, 37",spline,,,,22.228,0.10879359914865035,"PROTECTIVE AND LARGE. -0.047 per node over a range running to 146 means a thorough lymphadenectomy moves the prediction more than most single risk factors. This is the nomogram's well-known stage-migration property, not an error: more nodes examined means better staging and, separately, better surgery."
MSK gastric nomogram (disease-specific survival after R0 resection),msk_gastric,Gastric cancer,Prognosis,primary_site,Primary tumour site,4,,,4 categories,antrum/pyloric 0 (reference); body/middle third +0.23855249; GE junction +0.7131089; proximal/upper third +0.14158861,categorical,antrum or pyloric,,,24.038,0.11765648094411182,"GE junction is the worst site by a wide margin, at three times the body/middle-third term."
MSK gastric nomogram (disease-specific survival after R0 resection),msk_gastric,Gastric cancer,Prognosis,age,Age,5,-0.011606041,,years,"linear + RCS at 48, 67, 80",spline,,,,40.231,0.1969117211602214,"NON-MONOTONIC. The three spline terms produce a U-shaped age effect, which is why reading the published figure's age axis looks wrong at first. The linear coefficient is negative and is not the whole story."
MSK gastric nomogram (disease-specific survival after R0 resection),msk_gastric,Gastric cancer,Prognosis,lauren,Lauren histotype,6,,,3 categories,diffuse 0 (reference); intestinal -0.19097534; mixed -0.075717935,categorical,diffuse,,,5.835,0.028561011272198945,"THE REFERENCE IS DIFFUSE, the WORST-prognosis Lauren type, so both other types carry NEGATIVE coefficients. A reader expecting intestinal to be the reference will read every sign backwards."
MSK gastric nomogram (disease-specific survival after R0 resection),msk_gastric,Gastric cancer,Prognosis,male,Male sex,7,0.227464,,indicator,1/0,dichotomy,female,,,6.207,0.03038171639650081,
MSK gastric nomogram (disease-specific survival after R0 resection),msk_gastric,Gastric cancer,Prognosis,size_cm,Tumour size,8,0.0097446167,,cm,"size, untransformed and NOT splined",identity,,,,5.875,0.028753699368635456,"The only continuous predictor here that is not splined, and the weakest term in the model, 0.0097 per cm over a validated 0.1-21 cm range. Size barely matters once depth and nodes are known."
Kunzmann points model (esophageal adenocarcinoma),kunzmann,Esophageal cancer,Prediction,male,Sex,1,1.64,male 4.0; female 0,indicator,"1/0, then 1.64/0.40 = 4.1 -> rounded to 4.0 points",dichotomy,female,,,4.0,0.26666666666666666,The paper's own worked example for the points construction.
Kunzmann points model (esophageal adenocarcinoma),kunzmann,Esophageal cancer,Prediction,smoking,Smoking status,2,,never 0; former 2.0; current 3.5,3 categories,categorical -> points,categorical,never smoker,,,3.5,0.23333333333333334,"Former smokers keep most of the risk (2.0 of 3.5), which is the usual pattern for this cancer and unlike the reversible risk seen for squamous disease."
Kunzmann points model (esophageal adenocarcinoma),kunzmann,Esophageal cancer,Prediction,age,Age,3,,50-55: 0; 55-60: 1.5; 60-65: 2.5; 65+: 3.5,years,4-level banding; the model is undefined below 50 and raises,banding,,,,3.5,0.23333333333333334,
Kunzmann points model (esophageal adenocarcinoma),kunzmann,Esophageal cancer,Prediction,bmi,Body-mass index,4,,<25: 0; 25-<30: 1.0; 30-<35: 1.5; 35+: 2.5,kg/m2,4-level banding,banding,,,,2.5,0.16666666666666666,"The 25-<30 band's odds ratio can be recovered from the points: the divisor interval implies it is about 1.492-1.499, printed as 1.50."
Kunzmann points model (esophageal adenocarcinoma),kunzmann,Esophageal cancer,Prediction,esophageal_condition,"Recorded oesophageal condition (reflux, Barrett's, etc.)",5,,1.5 if present,indicator,1/0,dichotomy,,,,1.5,0.1,
Kunzmann points model (esophageal adenocarcinoma),kunzmann,Esophageal cancer,Prediction,(points divisor),"Smallest coefficient, used as the divisor",,0.4,,log-odds,points = round_to_half(beta / 0.40),derived,,,,,,"THE PAPER GIVES TWO DIVISORS AND ONLY ONE WORKS. Methods say 0.40, the Table 2 footnote says 0.41. Each published point constrains the divisor to an interval; intersecting all ten rows admits only d in (0.3958, 0.4046], which contains 0.40 and excludes 0.41. With 0.41, ""smoking, former"" comes out 1.5 against a published 2.0."
Kunzmann points model (esophageal adenocarcinoma),kunzmann,Esophageal cancer,Prediction,(scope),Adenocarcinoma only,,,,n/a,n/a,none,,,,,,"Predicts oesophageal ADENOCARCINOMA, not squamous cell carcinoma. The two are different diseases with different risk factors. ESCC is driven by alcohol, tobacco and hot beverages. Applying this model where ESCC predominates is a category error. Factors tested and DROPPED by stepwise selection: height, respiratory sympathomimetics, statins, diabetes, hypertension, high baseline BP."
"Chau index (survival under first-line palliative chemotherapy, advanced esophago-gastric cancer)",chau_eg,Esophageal cancer,Response,performance_status,WHO/ECOG performance status,1,1.575,,hazard ratio (not a beta; the paper prints no coefficient scale for this model),PS 2-3 scores 1; PS 0-1 is the reference,dichotomy,,,,1,0.25,"99% CI 1.251-1.981, P < .0001. The paper's own grouping is 0-1 against 2-3; only six patients in 1,080 were PS 3 and none was PS 4, so the upper end of the accepted range is sparsely evidenced. Accepted here as the raw 0-4 score and dichotomised internally at >= 2, the same way cibula_arrm bands a continuous diameter rather than making the caller pre-band it."
"Chau index (survival under first-line palliative chemotherapy, advanced esophago-gastric cancer)",chau_eg,Esophageal cancer,Response,alkaline_phosphatase_u_l,Serum alkaline phosphatase,2,1.412,,U/L,>= 100 U/L scores 1,dichotomy,,,,1,0.25,"99% CI 1.136-1.755, P < .0001. THE CUT-POINT IS THE TRAP: 100 U/L sits at or below many laboratories' UPPER reference limit, so this factor fires for patients whose liver chemistry is entirely normal and a reader seeing ""alkaline phosphatase risk factor present"" will reasonably but wrongly infer an abnormal result. The module says so in `notes` whenever it fires. The paper argues the factor is not merely a proxy for liver metastasis or performance status: ""Even when PS was analyzed separately as 0, 1, and >= 2, the same factors remain in the prognostic model"", and reads it as a marker of total tumour burden. It was also the only variable with substantial missing data (present for 823 of 1,080), which is why the index is fitted on 817 complete cases rather than the full cohort."
"Chau index (survival under first-line palliative chemotherapy, advanced esophago-gastric cancer)",chau_eg,Esophageal cancer,Response,liver_metastases,Liver metastases,3,1.409,,binary,present scores 1,dichotomy,,,,1,0.25,"99% CI 1.139-1.743, P < .0001 FOR SURVIVAL, and not significant at all for tumour RESPONSE (Table 4, P = .558). That split is the single most useful thing in this entry: the same cohort, two models, and the factor that ranks third for survival does not predict response. Anyone reaching for this index to answer ""will the tumour shrink"" is using the wrong half of the paper, and the right half has no intercept."
"Chau index (survival under first-line palliative chemotherapy, advanced esophago-gastric cancer)",chau_eg,Esophageal cancer,Response,peritoneal_metastases,Peritoneal metastases,4,1.329,,binary,present scores 1,dichotomy,,,,1,0.25,"99% CI 1.013-1.743, P = .007, the weakest of the four, and the only one whose 99% CI comes close to crossing 1 (lower bound 1.013). If the ""similar order of magnitude"" claim has an exception in either direction, this is the candidate. Unlike liver metastases it IS significant for tumour response as well (Table 4, risk ratio 0.475, P = .002). Also the site most often missed on cross-sectional imaging, so its absence in a record is weaker evidence than its presence."
"Chau index (survival under first-line palliative chemotherapy, advanced esophago-gastric cancer)",chau_eg,Esophageal cancer,Response,(band cut-points),Risk-group bands,,,,factor count,good 0 | moderate 1-2 | poor 3-4,banding,,,,,,"Zero is its own band, as in cibula_arrm, and it is the band the treatment-intensity argument turns on: 239 patients, median OS 11.8 months, one-year survival 48.5%. The poor band is 91 patients at 4.1 months and 11%. Group sizes sum to 817, not the 1,080 of the abstract, because the index is fitted on complete cases; the paper checked and found no survival difference between included and excluded patients (log-rank P = .992). `risk` is None throughout: this returns the derivation cohort's observed survival for a band, not a calibrated individual probability."
"Chau index (survival under first-line palliative chemotherapy, advanced esophago-gastric cancer)",chau_eg,Esophageal cancer,Response,(tumour response is a different model),Why Table 4 computes nothing here,,,,n/a,"none, recorded for provenance, never evaluated",none,,,,,,"Table 4 fits a SEPARATE logistic model for tumour response on the same cohort, and it is not the same four factors: performance status (0.469), peritoneal metastases (0.475) and alkaline phosphatase (0.655) are significant, while liver metastases (P = .558) and haemoglobin <= 11 g/L (P = .512) are not. It prints risk ratios with NO INTERCEPT, and no response rate per risk band appears anywhere in the article (checked across the full text). So the response model is half a formula, the same defect that keeps four cervical prognosis nomograms out of this library, and inventing a band lookup for it would mean inventing numbers. Carried in the module as TABLE_4_RESPONSE_FACTORS so a reader can see the finding, wired to nothing."
"Shapiro nomogram (overall survival after nCRT plus surgery, oesophageal/junctional cancer)",shapiro_ncrt,Esophageal cancer,Prognosis,ypn_category,"ypN, nodal category on the resection specimen (UICC TNM 7th ed.)",1,,,category,ypN0 0 pts; ypN1 4; ypN2 5; ypN3 10,categorical,,,,10,0.625,"Node COUNTS, not extent: ypN0 none, ypN1 one to two, ypN2 three to six, ypN3 seven or more. Coefficient is null because the final model's coefficients are printed nowhere, the points are all the paper gives, and Table 2's hazard ratios belong to a different (full) model. THE 5-POINT VALUE IS THE MODEL'S ONLY ODD NUMBER and therefore the sole cause of the four unreachable survival lookups. ypN2 was 60 of 626 patients (9.6%). The step from ypN2 (5) to ypN3 (10) doubles the contribution, a much larger jump than ypN1 to ypN2 (4 to 5), consistent with Table 2, where ypN3's hazard ratio is 4.34 against ypN2's 1.98."
"Shapiro nomogram (overall survival after nCRT plus surgery, oesophageal/junctional cancer)",shapiro_ncrt,Esophageal cancer,Prognosis,ypt_category,"ypT, tumour category on the resection specimen (UICC TNM 7th ed.)",2,,,category,ypT0 0 pts; ypT1 2; ypT2 2; ypT3 4,categorical,,,,4,0.25,"ypT1 AND ypT2 SHARE ONE POINT VALUE, the figure's middle tick reads ""ypT1/pT2"" over a single mark. Four categories, three weights. Splitting them would invent a distinction the model does not make. Retained in the final model despite not being independently significant in Table 2 (ypT0 0.76, ypT2 1.02, ypT3-4 1.15, all P > 0.3 against a ypT1 reference), which is why its reference level differs between the two tables: Table 2 references ypT1, the nomogram references ypT0."
"Shapiro nomogram (overall survival after nCRT plus surgery, oesophageal/junctional cancer)",shapiro_ncrt,Esophageal cancer,Prognosis,cn_category,"cN, clinical nodal category before treatment (UICC TNM 6th ed.)",3,,,binary,cN0 0 pts; cN1 2,dichotomy,,,,2,0.125,"SIXTH EDITION, AND BINARY, cN0 versus cN1, not the modern N0-N3. A warehouse holding 8th-edition clinical N cannot supply this variable without a mapping decision, and passing ""cN2"" is refused by the module rather than mis-scored. The smallest contributor at 2 points, but the only PRE-treatment variable in the model: it is what stops this being purely a description of the resection specimen."
"Shapiro nomogram (overall survival after nCRT plus surgery, oesophageal/junctional cancer)",shapiro_ncrt,Esophageal cancer,Prognosis,(points-to-survival axes),Fig. 1's printed lookup,,,,per cent,points 0/2/4/6/8/10/12/14/16 -> 1-yr 91/88/85/81/75/68/60/51/41 and 5-yr 70/62/53/43/33/23/14/7/3,banding,,,,,,"THE REASON THIS PAPER IS IMPLEMENTABLE AT ALL. Every other Cox nomogram this project has examined, four cervical prognosis papers, msk_prostate_post_rp, printed this step as a drawn axis, leaving S(t) = S0(t)^exp(Xb) without its baseline. Here the axes carry numeric tick labels, so the lookup is complete and no S0(t) is needed. Its limit is that the ticks are at EVEN totals only, so the four reachable odd totals (5, 7, 9, 11) have no published value and the module returns None."
"Shapiro nomogram (overall survival after nCRT plus surgery, oesophageal/junctional cancer)",shapiro_ncrt,Esophageal cancer,Prognosis,(the Cox fit deliberately not used),Why the four gaps are not filled,,0.1411,,per point on the log-hazard scale,"S(p) = S0^exp(0.1411 p), with S0 = 0.91 at 1 year and 0.70 at 5 years",none,,,,,,"Recorded, and NOT applied. This form reproduces all eighteen printed survival values with a worst deviation under one percentage point, so filling in totals 5, 7, 9 and 11 from it would be easy and would look authoritative. It would also be this project generating numbers rather than reading them, which is the line the repository does not cross, so the module returns None and says why. It also exposes an unresolved inconsistency in the source: the Methods say the points are the Cox coefficients ""multiplied by ten"", implying 0.1 per point, while the axis behaves like 0.141. The final model's coefficients are printed nowhere, so the article cannot settle it, and nothing in the implementation depends on settling it."
"RMI 1-4 (Risk of Malignancy Index, adnexal triage)",rmi,Ovarian cancer,Prediction,ca125,Serum CA-125,1,,,U/mL,"MULTIPLIED IN RAW, no log, no centering, no cap",identity (multiplicative),,,,490.0,0.765625,"Because it is linear and untransformed, false positives cluster wherever CA-125 is raised for reasons unrelated to malignancy, endometriosis, PID, menstruation, ascites of any cause. RMI is diagnostic triage for a KNOWN MASS, not a screening test."
"RMI 1-4 (Risk of Malignancy Index, adnexal triage)",rmi,Ovarian cancer,Prediction,ultrasound_score,Ultrasound morphology score (U),2,,,count 0-5 of features,"RMI1: 0->0, 1->1, 2-5->3. RMI2/4: 0-1->1, 2-5->4. RMI3: 0-1->1, 2-5->3",categorical (multiplicative),,,,90.0,0.140625,"RMI 1 SETS U=0 WHEN THE SCORE IS 0, forcing the WHOLE INDEX TO 0 regardless of CA-125. Reproduced faithfully, and it is the reason RMI 2 and 3 exist. The five features are multilocular cyst, solid areas, bilateral lesions, ascites, intra-abdominal metastases."
"RMI 1-4 (Risk of Malignancy Index, adnexal triage)",rmi,Ovarian cancer,Prediction,postmenopausal,Menopausal score (M),3,,,indicator,premenopausal 1; postmenopausal 3 (RMI 1/3) or 4 (RMI 2/4),dichotomy (multiplicative),,,,60.0,0.09375,
"RMI 1-4 (Risk of Malignancy Index, adnexal triage)",rmi,Ovarian cancer,Prediction,max_diameter_cm,Tumour size score (S),4,,,cm,"RMI 4 ONLY: 1 if < 7 cm, 2 if >= 7 cm. Ignored by RMI 1/2/3.",dichotomy (multiplicative),,,,,,Required for rmi4 and warned-about if supplied to any other variant.
"RMI 1-4 (Risk of Malignancy Index, adnexal triage)",rmi,Ovarian cancer,Prediction,variant,RMI variant,,,,rmi1 / rmi2 / rmi3 / rmi4,"selects the U and M mappings AND the cutoff (200 for RMI 1/2/3, 450 for RMI 4)",derived,,,,,,"The four published variants disagree on both the mappings and the cutoff, so the SAME PATIENT gets different calls under different variants. Output is an INDEX, not a probability, there is no link function and the only published interpretation is ""above cut-off, refer to gynae-oncology""."
"ROMA (Risk of Ovarian Malignancy Algorithm, HE4 + CA125)",roma,Ovarian cancer,Prediction,he4_pmol_l,Human epididymis protein 4,1,2.38,,pmol/L,"ln(HE4). NATURAL log, not log10",log,,,,55.755,0.458055913778679,"Assay-specific (HE4 EIA, Fujirebio). pmol/L, not ng/mL."
"ROMA (Risk of Ovarian Malignancy Algorithm, HE4 + CA125)",roma,Ovarian cancer,Prediction,ca125_u_ml,Cancer antigen 125,2,0.0626,,U/mL,ln(CA125),log,,,,56.732,0.46608264288267764,"THE PREMENOPAUSAL COEFFICIENT IS ESSENTIALLY ZERO (0.0626). A 10-fold rise in CA-125 moves the premenopausal index by 0.14, less than a 7% change in HE4 does. Assay-specific (Architect CA125II, Abbott)."
"ROMA (Risk of Ovarian Malignancy Algorithm, HE4 + CA125)",roma,Ovarian cancer,Prediction,postmenopausal,Menopausal status,,,,indicator,"selects one of TWO SEPARATE MODELS, different intercept and both slopes",derived,,,,9.234,0.07586144333864334,"Not an indicator term. The two strata are different models, not one model with an offset."
"ROMA (Risk of Ovarian Malignancy Algorithm, HE4 + CA125)",roma,Ovarian cancer,Prediction,cutoff_source,High-risk threshold,,,,probability,"paper (default): pre >13.1%, post >27.7%. assay_insert: pre >=11.4%, post >=29.9%",banding,,,,,,"TWO SETS OF CUTOFFS EXIST AND THEY CROSS OVER. The commercial cutoff is MORE sensitive premenopausally and LESS sensitive postmenopausally. A premenopausal woman at PP = 12% is low risk by the paper and high risk by the assay insert. The coefficients are not in doubt, paper, Abbott/Fujirebio insert and ARUP all print the same six numbers."
"MSK ovarian nomogram (5-year survival after primary surgery, bulky stage IIIC)",msk_ovarian,Ovarian cancer,Prognosis,residual_disease,Residual disease after primary surgery,1,,,5 categories,no gross residual -0.54064543; <0.5 cm -0.3062644; 0.5-1 cm 0 (REFERENCE); 1-2 cm +0.5518022; >2 cm +0.6219986,categorical,0.5-1 cm. THE MIDDLE CATEGORY,,,34.099,0.2536430707880741,"THE REFERENCE IS THE MIDDLE CATEGORY, not either end, so two levels carry negative terms and two positive. A reader expecting ""no residual disease"" to be the reference will misread every coefficient in the row. Monotone in the right direction once that is understood."
"MSK ovarian nomogram (5-year survival after primary surgery, bulky stage IIIC)",msk_ovarian,Ovarian cancer,Prognosis,ascites,Ascites,2,0.57912923,,indicator,1/0,dichotomy,,,,19.146,0.14241573740320967,"The largest binary term, comparable to moving two residual-disease categories."
"MSK ovarian nomogram (5-year survival after primary surgery, bulky stage IIIC)",msk_ovarian,Ovarian cancer,Prognosis,age,Age,3,0.014563065,,years,"linear + RCS at 44, 60, 75",spline,,,,55.485,0.41272503631776747,"Validated range 22-87, enforced."
"MSK ovarian nomogram (5-year survival after primary surgery, bulky stage IIIC)",msk_ovarian,Ovarian cancer,Prognosis,platelets,Pre-operative platelet count,4,0.00063621499,,x10^3/uL,"platelets, untransformed and NOT splined",identity,,,,18.935,0.1408518692516201,"Tiny coefficient over a large validated range (113-1078), so it contributes meaningfully at the extremes. Thrombocytosis is a known adverse marker in ovarian cancer."
"MSK ovarian nomogram (5-year survival after primary surgery, bulky stage IIIC)",msk_ovarian,Ovarian cancer,Prognosis,histology_yes,Tumour histology (Yes/No),5,-0.18814327,,indicator,1/0,dichotomy,,,,5.192,0.038617953222380534,"WE CANNOT SAY WHAT ""YES"" MEANS. The hosted tool labels the input simply ""Tumor Histology"" with Yes/No choices and the coefficient is on ""Yes""; the paper's series is serous carcinoma, but that mapping is not recoverable from the code. The argument is named `histology_yes` rather than inventing a meaning. Read Chi 2008 before clinical use."
"MSK ovarian nomogram (5-year survival after primary surgery, bulky stage IIIC)",msk_ovarian,Ovarian cancer,Prognosis,grade,Tumour grade,6,-0.053519323,,1-2 vs 3,grade 3 -> -0.053519323; grade 1-2 -> 0 (reference),dichotomy,grade 1-2,,,1.579,0.011746333016948168,"NEGATIVE, grade 3 scores BETTER than grade 1-2 in this model. The effect is tiny and its sign is counter-intuitive. Reproduced as published; in a bulky stage IIIC series grade carries little information once residual disease is known."
Cervical CIN2+/CIN3+ logistic models (hrHPV + cytology + age),cervical_cin_risk,Cervical cancer,Prediction,cytology,Cervical cytology (Bethesda),1,7.19866,,7 levels,NILM 0 (reference); ASC-US +1.36354; LSIL +1.51085; ASC-H +3.55612; AGC +4.28591; HSIL/AIS +4.90115; SCC/ADC +7.19866,categorical,NILM,,,94.347,0.8829979369483407,"Must be reported on the BETHESDA system. Note ASC-H (3.556) outranks LSIL (1.511) by a wide margin despite both being ""low-grade-ish"" names. ASC-H means atypical squamous cells where HSIL cannot be excluded, and it behaves like a high-grade result."
Cervical CIN2+/CIN3+ logistic models (hrHPV + cytology + age),cervical_cin_risk,Cervical cancer,Prediction,hrhpv_positive,High-risk HPV DNA/mRNA,2,2.06771,,indicator,1/0,dichotomy,,,,11.184,0.10467072125150144,"Falls to 1.517 in the genotyping variants, because the individual genotype terms absorb part of it. Coefficients are not portable across variants."
Cervical CIN2+/CIN3+ logistic models (hrHPV + cytology + age),cervical_cin_risk,Cervical cancer,Prediction,age,Age,3,-0.01935,,years,"age, untransformed and UNCENTERED",identity,,,,1.318,0.012331341800157838,"NEGATIVE, AND THAT IS NOT AN ERROR. Conditional on hrHPV status and cytology, older women in this screening population were at slightly LOWER CIN risk, because prevalent HPV infection in younger women is more likely to be transient but is still counted as positive. Do not correct the sign. The coefficient roughly doubles (-0.044 to -0.049) in the E6-containing variants."
Cervical CIN2+/CIN3+ logistic models (hrHPV + cytology + age),cervical_cin_risk,Cervical cancer,Prediction,e6_positive,HPV16/18 E6 oncoprotein,4,1.9361,,indicator,"1/0; required for the e6 and full variants, rejected by the others",dichotomy,,,,,,"Adding E6 raises the intercept from -3.19 to -1.64, i.e. it re-baselines the whole model."
Cervical CIN2+/CIN3+ logistic models (hrHPV + cytology + age),cervical_cin_risk,Cervical cancer,Prediction,genotypes,HPV extended genotyping (9 pooled groups),5,1.44896,,9 indicators,HPV16 +1.44896; HPV52 +0.89489; HPV33/58 +0.79158; HPV18 +0.95014; HPV39/68/35 +0.6052; HPV31 +0.35975; HPV45 +0.12346; HPV51 -1.08557; HPV59/56/66 -1.14307,categorical (non-exclusive indicators),,,,,,"TWO GROUPS CARRY LARGE NEGATIVE COEFFICIENTS — HPV51 (-1.086) and HPV59/56/66 (-1.143). Conditional on being hrHPV-positive, carrying one of these instead of HPV16 is substantially reassuring. The pooled groups are the paper's own and are NOT interchangeable with other groupings. Note HPV18 flips sign (+0.950 -> -0.402) between the genotyping and full variants."
Cervical CIN2+/CIN3+ logistic models (hrHPV + cytology + age),cervical_cin_risk,Cervical cancer,Prediction,variant,Model variant,,,,base / e6 / genotyping / full,selects one of four nested coefficient sets,derived,,,,,,"Scope: Chinese screening population; outcome is CIN2+/CIN3+ AT COLPOSCOPY, not invasive cancer incidence over time."
"ARRM, annual recurrence risk model, cervical cancer after primary surgery (SCCAN)",cibula_arrm,Cervical cancer,Prognosis,tumour_diameter_cm,Maximal pathologic tumour diameter,1,1.556,,cm,<0.5 cm = 0 pts (ref); 0.5-1.99 = 10; 2-3.99 = 21; >=4 = 30,banding + categorical,,,,30,0.3,"The coefficient recorded is the largest of the three (>=4 cm); the others are 0.501 (10 pts) and 1.115 (21 pts). PATHOLOGIC, not imaged, the measurement comes off the resection specimen, so this model cannot be run before surgery. Two unit traps sit on this one parameter. The paper bands in centimetres and the authors' own calculator labels the identical cut-points in millimetres (<5, 5-19, 20-39, >=40), so a pipeline that carries the warehouse's units through unconverted is wrong by a factor of ten and raises nothing. And the bands are closed on the left: a 2.0 cm tumour scores 21, not 10."
"ARRM, annual recurrence risk model, cervical cancer after primary surgery (SCCAN)",cibula_arrm,Cervical cancer,Prognosis,histotype,Tumour histotype,2,1.741,,category,squamous = 0 pts (ref); adenocarcinoma = 7; adenosquamous = 11; other = 22; neuroendocrine = 33,categorical,,,,33,0.33,"The coefficient recorded is neuroendocrine, the largest in the model. Ranked second only because it is rare; see top_parameter_why. Note the ordering is NOT monotone in the obvious clinical reading: ""other"" (22 pts, β 1.145) outranks adenosquamous (11 pts) and sits between it and neuroendocrine, so ""other"" is not a residual catch-all with a small weight, it is the second-heaviest level in the model. Any pipeline mapping ICD-O-3 morphology onto these five categories is making an 11- to 33-point decision per patient."
"ARRM, annual recurrence risk model, cervical cancer after primary surgery (SCCAN)",cibula_arrm,Cervical cancer,Prognosis,positive_pelvic_nodes,Number of positive pelvic lymph nodes,3,0.939,,count,0 or not assessed = 0 pts (ref); 1 = 5; 2 = 9; >=3 = 18,banding + categorical,,,,18,0.18,"The coefficient recorded is >=3 nodes; 1 node is 0.255 (p=0.098, HR 1.291 with a CI crossing 1) and 2 nodes 0.482. PELVIC nodes specifically, para-aortic nodes are collected separately in the same cohort and are not this variable. The reference level pools zero with NOT ASSESSED, and that pooling is load-bearing rather than incidental: 13.1% of the derivation cohort (567 of 4,343) had no pelvic lymphadenectomy at all, and every one of them scored zero here. A missing value is therefore silently optimistic, and it is optimistic in a way that occurred in one patient in eight of the data the model was fitted on."
"ARRM, annual recurrence risk model, cervical cancer after primary surgery (SCCAN)",cibula_arrm,Cervical cancer,Prognosis,lvsi,Lymphovascular space invasion,4,0.538,,binary,no or not assessed = 0 pts (ref); yes = 10 pts,dichotomy,,,,10,0.1,"Same ""not assessed"" pooling as the nodes and at a similar rate: LVSI was not available for 19.3% (838) of the cohort. The module accepts None and reproduces the pooling, and says so in `notes` every time, which is the only thing distinguishing ""we looked and it was clean"" from ""nobody looked""."
"ARRM, annual recurrence risk model, cervical cancer after primary surgery (SCCAN)",cibula_arrm,Cervical cancer,Prognosis,grade,Histological grade,5,0.457,,ordinal 1-3,grade 1 = 0 pts (ref); grade 2 = 5; grade 3 = 9,ordinal,,,,9,0.09,"THE ONLY REQUIRED INPUT, AND THE WEAKEST EVIDENCED ONE, worth stating together, because the module's strictest demand falls on the model's least significant variable. Neither grade level reaches significance in Table 2: grade 2 is p=0.235 with HR 1.297 (0.852; 1.976) and grade 3 is p=0.085 with HR 1.579 (0.970; 2.570), both CIs crossing 1. It is retained in the published model regardless, so it is retained here. It is required rather than defaultable because Table 2 gives it no ""not assessed"" level, unlike the nodes and LVSI. That is the correct reading of the table and it has a real cost: grade was missing for 27.6% of the derivation cohort (1,199 of 4,343) and was handled by multiple imputation over five datasets, which cannot be reproduced for a single patient. So the module refuses a case that occurred in more than a quarter of the development data rather than quietly scoring it as grade 1."
"ARRM, annual recurrence risk model, cervical cancer after primary surgery (SCCAN)",cibula_arrm,Cervical cancer,Prognosis,(points divisor),Beta-to-points constant,,19.116803670426304,,points per unit beta,"points = round(beta × 100/5.231), where 5.231 is the sum of the largest beta in each predictor",scaling,,,,,,"NEVER PRINTED IN THE PAPER. Recovered from the sentence that describes the construction (""weighted to the maximum sum of 100 points"") taken literally, and then confirmed rather than assumed: all thirteen published point values reproduce under round(β × 19.1168) with no exceptions and no rounding fudge, and the worst possible patient scores exactly 100. Same technique this library used to recover the Kunzmann divisor. Carried here because a reader checking the points column against the beta column needs the constant that links them, and because it is the single number that would silently rescale every point value in the model."
"ARRM, annual recurrence risk model, cervical cancer after primary surgery (SCCAN)",cibula_arrm,Cervical cancer,Prognosis,(band cut-points),Risk-group bands,,,,points,0 | 1-25 | 26-50 | 51-75 | 76-100,banding,,,,,,"Zero is its own band, not the bottom of the first 25-point interval, the paper's phrase is ""25-point intervals with the exception"" of the zero group, and that group is the one the surveillance argument turns on (213 patients, 4 recurrences, 5-year DFS 97.5%). At the other end the 76-100 band holds 13 patients and 12 recurrences, so its published figures are descriptive of thirteen people; the paper stops its landmark analysis there at year three and the module returns None for years four and five rather than the 0.0% the arithmetic gives. `risk` is None throughout: this is a stratifier that reports its band's observed outcome, not a calibrated individual probability."
"Moore criteria, response to cisplatin-based chemotherapy, advanced/recurrent/metastatic cervical carcinoma (GOG)",moore_criteria,Cervical cancer,Response,black_race,Race (Black vs. non-Black),1,0.49,,odds ratio (not a beta; the paper prints no logistic coefficient scale for this model),"present/absent, +1 to the count if present",dichotomy,,,,1,0.2,"THE FACTOR REQUIRING THE MOST CARE IN THIS ENTRY. Table 3's actual test is ""Black vs. Non-black""; the paper's own Results and Discussion instead say ""African-American"" throughout, so even the source is not internally consistent about which word names this variable. The OR (0.49, 95% CI 0.28-0.83, P 0.008) is a fact about this specific cohort, not a biological claim, the Discussion says so, weighing access-to-care against biological hypotheses without resolving between them. Never used as a weight; counted identically to the other four. Same handling precedent as pbcg_extended's African-ancestry term, which documents a race coefficient that FLIPS SIGN between two of that model's own sub-models, the standing reminder in this library that these terms are cohort-specific and not stable biological constants."
"Moore criteria, response to cisplatin-based chemotherapy, advanced/recurrent/metastatic cervical carcinoma (GOG)",moore_criteria,Cervical cancer,Response,prior_radiosensitizer,Prior radiosensitizing chemotherapy (concurrent cisplatin WITH radiotherapy),2,0.52,,odds ratio,"yes/no, +1 to the count if yes",dichotomy,,,,1,0.2,"Means cisplatin given CONCURRENTLY with prior radiotherapy specifically, not cisplatin given alone at some unrelated time. Table 1 reports it as a variable distinct from any later recurrence chemotherapy."
"Moore criteria, response to cisplatin-based chemotherapy, advanced/recurrent/metastatic cervical carcinoma (GOG)",moore_criteria,Cervical cancer,Response,disease_site,Site of disease (pelvic vs. non-pelvic),3,0.58,,odds ratio,pelvic scores; distant or combined do not,categorical + dichotomy,,,,1,0.2,"THE ONE GENUINE GAP IN THE SOURCE. Table 1/2 record THREE levels, pelvic, distant, combined (13.1% of the 428-patient development cohort), but Table 3 tests a binary ""Pelvic vs. Non-pelvic"" and the paper never states in prose which side ""combined"" falls on. This module reads the label literally (everything that is not pelvic-only is non-pelvic) and flags every case where that inference fires, in `notes`. A different, equally defensible reading (combined counts as pelvic, since pelvic disease is present) would move 56 development patients across the factor."
"Moore criteria, response to cisplatin-based chemotherapy, advanced/recurrent/metastatic cervical carcinoma (GOG)",moore_criteria,Cervical cancer,Response,performance_status,GOG/ECOG performance status > 0,4,0.6,,odds ratio,PS 1-4 scores; PS 0 does not,dichotomy,,,,1,0.2,"The cut is PS > 0, not PS >= some worse grade, a GOG PS of 1 (symptomatic but fully ambulatory) counts identically to a PS of 4 in this index. Accepted here as the raw 0-4 score and dichotomised internally, the same way cibula_arrm bands a continuous diameter rather than asking the caller to pre-band it."
"Moore criteria, response to cisplatin-based chemotherapy, advanced/recurrent/metastatic cervical carcinoma (GOG)",moore_criteria,Cervical cancer,Response,months_diagnosis_to_first_recurrence,Interval from original diagnosis to first recurrence,5,0.61,,odds ratio,<= 12 months scores; > 12 months does not,dichotomy,,,,1,0.2,"LOWEST point estimate of the five and the one closest to the null, if the ""comparable weights"" claim has an exception, this is the candidate, though its CI (0.39-0.95) overlaps every other factor's. Measured from the ORIGINAL cancer diagnosis to the FIRST recurrence, not from the start of the chemotherapy regimen this model evaluates, a different and later date a caller could confuse it with."
"Moore criteria, response to cisplatin-based chemotherapy, advanced/recurrent/metastatic cervical carcinoma (GOG)",moore_criteria,Cervical cancer,Response,(odds ratios not used as weights),Why five odds ratios sit in this file and compute nothing,,,,n/a,"none, count each present factor as 1, ignore its odds ratio entirely",none,,,,,,"The paper's own construction, quoted in full under paper_importance_quote. Recorded because every other points-table model in this library (kunzmann, xu_gastric_trg_score) recovers a divisor that turns coefficients into the published weights, and a reader who expects the same pattern here would go looking for one that does not exist. There is no divisor to find: the published weight on every factor is exactly 1, by the authors' explicit choice, not by a derivation this project performed."
END-PAC (pancreatic cancer risk in new-onset diabetes),endpac,Pancreatic cancer,Prediction,weight_change_kg,Weight change over the preceding year,1,,<=-6.0: +6; -5.9..-4.0: +4; -3.9..-2.0: +2; -1.9..+1.9: 0; +2.0..+3.9: -2; +4.0..+5.9: -4; >=+6.0: -6,kg,7-level banding of the SIGNED change; LOSS is a negative input and a POSITIVE score,banding,,,,12,0.75,SIGN ERRORS HERE INVERT THE WHOLE MODEL. Losing >=6 kg scores +6; gaining >=6 kg scores -6.
END-PAC (pancreatic cancer risk in new-onset diabetes),endpac,Pancreatic cancer,Prediction,glucose_at_diabetes_mg_dl,Blood glucose at diabetes onset,2,,"contributes its CATEGORY INDEX, 4 or 5",mg/dL,BG category: <100 -> 1; 100-109 -> 2; 110-125 -> 3; 126-160 -> 4; >160 -> 5. Term A = category(now) - category(1y before).,banding + difference,,,,,,"A DIFFERENCE OF CATEGORY INDICES, NOT OF mg/dL VALUES. A rise from 95 to 130 mg/dL is category 1 -> 4, i.e. A = 3. The paper's Table 2 footnote describes a DIFFERENT variant (""model B"") scoring 1 point per 10 mg/dL; that is not this score."
END-PAC (pancreatic cancer risk in new-onset diabetes),endpac,Pancreatic cancer,Prediction,glucose_one_year_before_mg_dl,Blood glucose one year before,2,,"contributes its category index, 1-3",mg/dL,same BG category scale; must be < 126 mg/dL or the patient was already diabetic,banding,,,,2,0.125,"Table 1 assigns categories 1-3 to the -1 year reading and 4-5 to the reading at onset, so term A is bounded to 1-4. The module enforces the pair; without that check an out-of-scope pair (say a FALL from diabetic to normal) silently yields a score far outside the published range."
END-PAC (pancreatic cancer risk in new-onset diabetes),endpac,Pancreatic cancer,Prediction,age_at_diabetes_onset,Age at diabetes onset,3,,<=59: -1; 60-69: 0; >=70: +1,years,3-level banding,banding,,,,2,0.125,The narrowest term in the score; effectively a tie-breaker.
END-PAC (pancreatic cancer risk in new-onset diabetes),endpac,Pancreatic cancer,Prediction,(risk bands),Score -> risk band,,,,n/a,>=3 high; 1 or 2 intermediate; <=0 very low,banding,,,,,,"THE <=0 BOUNDARY IS DEFENDED ARITHMETICALLY. The abstract writes ""<0"" and the Results write ""<=0"", both citing the same 49%. The paper's own group proportions sum to exactly 100% (19+32+49 and 77+21+2) ONLY under <=0; under <0 a score of exactly 0 would belong to no group. This module previously implemented the abstract's ""<0"", which put score 0 on the wrong side of the boundary between ""extremely low risk, reassure"" and ""needs follow-up""."
MSK pancreatic nomogram (disease-specific survival after resection),msk_pancreatic,Pancreatic cancer,Prognosis,t_stage,T stage,1,,,T1-T4,T1 0 (reference); T2 -0.53691787; T3 -0.38735092; T4 +0.3867342,categorical,T1,,,28.506,0.18928182526680457,"NOT MONOTONE. Against a T1 reference, T2 (-0.537) and T3 (-0.387) are both BETTER than T1, while T4 is worse. Reproduced as published; do not ""fix"" the ordering."
MSK pancreatic nomogram (disease-specific survival after resection),msk_pancreatic,Pancreatic cancer,Prognosis,splenectomy,Splenectomy performed,2,0.90746165,,indicator,1/0,dichotomy,,,,27.919,0.1853864593366698,"THE LARGEST SINGLE COEFFICIENT IN THE MODEL, larger than any nodal or margin effect. It is a marker of extended resection for locally advanced disease, not a treatment effect, and certainly not a reason to avoid splenectomy."
MSK pancreatic nomogram (disease-specific survival after resection),msk_pancreatic,Pancreatic cancer,Prognosis,positive_nodes,Positive lymph nodes,3,0.23051721,,count,"linear + RCS at 0, 1, 5",spline,,,,26.039,0.17289981385400804,Validated range 0-39. Knots at 0/1/5 put all the resolution in the first few nodes.
MSK pancreatic nomogram (disease-specific survival after resection),msk_pancreatic,Pancreatic cancer,Prognosis,size_cm,Maximum tumour size,4,0.43940983,,cm,"linear + RCS at 2, 3.2, 5.5",spline,,,,17.485,0.11609915713340518,"A LABELLING DEFECT IN THE HOSTED TOOL. Its size input is labelled ""Maximum Path Axis (mm)"", but the validated range is 0.1-16 and the spline knots sit at 2, 3.2 and 5.5, those are CENTIMETRES. A user entering ""8"" meaning 8 mm would silently be scored as an 8 cm tumour. This module takes centimetres and says so."
MSK pancreatic nomogram (disease-specific survival after resection),msk_pancreatic,Pancreatic cancer,Prognosis,location,Resection location,5,-0.75934357,,head vs other,head 0 (reference); NOT head -0.75934357,dichotomy,head of pancreas,,,13.943,0.09258068328279431,Non-head tumours score substantially BETTER. Head is the reference.
MSK pancreatic nomogram (disease-specific survival after resection),msk_pancreatic,Pancreatic cancer,Prognosis,differentiation,Tumour differentiation,6,,,well / moderate / poor,moderate 0 (reference); well -0.20496646; poor +0.31532231,categorical,moderately differentiated,,,12.925,0.0858252183077605,"Reference is the MIDDLE level, so well-differentiated carries a negative term."
MSK pancreatic nomogram (disease-specific survival after resection),msk_pancreatic,Pancreatic cancer,Prognosis,posterior_margin_positive,Posterior margin positive,7,0.3177352,,indicator,1/0,dichotomy,,,,8.418,0.05589306871784775,Note this is SEPARATE from and larger than the general resection-margin term (+0.063).
MSK pancreatic nomogram (disease-specific survival after resection),msk_pancreatic,Pancreatic cancer,Prognosis,back_pain,Back pain,8,0.22200163,,indicator,1/0,dichotomy,,,,5.711,0.03792118051175378,"A symptom, not a pathological finding, a proxy for retroperitoneal/perineural extension."
MSK pancreatic nomogram (disease-specific survival after resection),msk_pancreatic,Pancreatic cancer,Prognosis,portal_vein_resected,Portal vein resected,9,0.14916275,,indicator,1/0,dichotomy,,,,3.75,0.024898892515573243,
MSK pancreatic nomogram (disease-specific survival after resection),msk_pancreatic,Pancreatic cancer,Prognosis,negative_nodes,Negative lymph nodes,10,-0.0017790967,,count,"negative_nodes, untransformed and NOT splined",identity,,,,3.413,0.022663837165771906,"Protective but very weak here (validated range 0-83), unlike the gastric nomogram, where the same variable is one of the strongest terms. The same clinical quantity carries very different weight in two models by the same group."
MSK pancreatic nomogram (disease-specific survival after resection),msk_pancreatic,Pancreatic cancer,Prognosis,age,Age,11,-0.0018564703,,years,"age, untransformed",identity,,,,2.492,0.016549863907610988,Negative and nearly inert. Validated range 33-89.
MSK pancreatic nomogram (disease-specific survival after resection),msk_pancreatic,Pancreatic cancer,Prognosis,male,Male sex,12,0.052203014,,indicator,1/0,dichotomy,female,,,,,
MSK pancreatic nomogram (disease-specific survival after resection),msk_pancreatic,Pancreatic cancer,Prognosis,weight_loss,Weight loss,13,0.04259022,,indicator,1/0,dichotomy,,,,,,
MSK pancreatic nomogram (disease-specific survival after resection),msk_pancreatic,Pancreatic cancer,Prognosis,resection_margin_positive,Resection margin positive,14,0.06340785,,indicator,1/0,dichotomy,,,,,,"Strikingly small for what is normally a headline surgical outcome, a fifth of the posterior-margin term. Reproduced as published."
"Ang 2010 RPA risk groups (HPV / smoking / stage, oropharynx)",ang2010_rpa,Head & neck cancer,Prognosis,hpv_positive,Tumour HPV / p16 status,1,,,indicator,"ROOT SPLIT of the tree, selects which branch, and therefore which other variables, apply",categorical (tree root),,"hazard ratio vs low risk: intermediate 3.54, high 7.16",,,,
"Ang 2010 RPA risk groups (HPV / smoking / stage, oropharynx)",ang2010_rpa,Head & neck cancer,Prognosis,pack_years,"Smoking, pack-years",2,,,pack-years,dichotomised at 10 pack-years; applied on BOTH branches,dichotomy,,,,,,"A DOCUMENTED AMBIGUITY. Ang's text says "">10 pack-years"" on the HPV-positive branch but ""nonsmokers"" on the HPV-negative one. Fakhry et al.'s external validation operationalises BOTH as ""low tobacco exposure"", the same <=10/>10 split, and this module applies it to both branches under either definition."
"Ang 2010 RPA risk groups (HPV / smoking / stage, oropharynx)",ang2010_rpa,Head & neck cancer,Prognosis,n_stage,Nodal stage (AJCC 7th ed.),3,,,N0-N3,HPV-POSITIVE BRANCH ONLY: N2b/N2c/N3 counts as high nodal stage,categorical,,,,,,Never consulted for HPV-negative patients.
"Ang 2010 RPA risk groups (HPV / smoking / stage, oropharynx)",ang2010_rpa,Head & neck cancer,Prognosis,t_stage,T stage (AJCC 7th ed.),4,,,T1-T4,"HPV-NEGATIVE BRANCH ONLY: definition='ang2010' -> T2/T3 are the intermediate exception; definition='fakhry' -> <T4, which adds T1",categorical,,,,,,"THE TWO OPERATIONALISATIONS DIFFER FOR EXACTLY ONE CELL: HPV-negative, low-smoking, T1, high risk under the literal primary reading, intermediate under Fakhry. RTOG 0129 enrolled stage III-IV disease so T1 was likely rare there, which plausibly explains the primary's silence. Default is the literal reading. Never consulted for HPV-positive patients."
"Ang 2010 RPA risk groups (HPV / smoking / stage, oropharynx)",ang2010_rpa,Head & neck cancer,Prognosis,(risk group -> outcome),Group 3-year overall survival,,,,probability,low 93.0% (88.3-97.7); intermediate 70.8% (60.7-80.8); high 46.2% (34.7-57.7),categorical,,,,,,"A group-level survival, not a per-patient probability. `risk` is None."
IOTA ADNEX (five-category adnexal mass classification),iota_adnex,Ovarian cancer,Prediction,(intercept),Intercept,,-14.91583,,logit,1,none,,,,,,"Four intercepts, one per linear predictor. They are not comparable with each other or with any other model's, each sets the odds of one diagnosis against benign at the point where every predictor is zero, which for a log2 term means CA-125 of 1 U/mL and is outside the fitted range."
IOTA ADNEX (five-category adnexal mass classification),iota_adnex,Ovarian cancer,Prediction,ca125,Serum CA-125,1,0.765456,,U/mL,"log2(CA-125), base 2, NOT natural log",log2,,,,46.259,0.20267461424708372,"Largest swing over clinical ranges, and it acts unevenly: 0.766 for stage II-IV against 0.112 for borderline, so raising CA-125 shifts probability from borderline towards advanced disease rather than raising 'malignant' uniformly. That reallocation is the model's clinical point and no binary score can show it."
IOTA ADNEX (five-category adnexal mass classification),iota_adnex,Ovarian cancer,Prediction,solid_diameter_mm,Maximal diameter of largest solid component,2,10.37696,,mm,"ratio = solid_diameter_mm / lesion_diameter_mm, entered TWICE: linearly and squared",derived + power,,,,56.101,0.24579509956202264,The squared term is negative in all four predictors on purpose: risk does not rise monotonically with solid content. Dropping it scores an almost entirely solid mass far too high.
IOTA ADNEX (five-category adnexal mass classification),iota_adnex,Ovarian cancer,Prediction,lesion_diameter_mm,Maximal diameter of lesion,3,0.430477,,mm,"log2(C), and C is also the denominator of the solid ratio",log2,,,,23.592,0.10336231105867819,"Appears TWICE. Changing lesion diameter moves both the log2 term and the solid ratio, so its total effect is never its printed coefficient alone."
IOTA ADNEX (five-category adnexal mass classification),iota_adnex,Ovarian cancer,Prediction,ascites,Ascites,4,1.348408,,0/1,1/0,dichotomy,,,,23.393,0.10249233439626147,"Strongest for metastatic disease (1.636), which is where it is clinically expected."
IOTA ADNEX (five-category adnexal mass classification),iota_adnex,Ovarian cancer,Prediction,acoustic_shadows,Acoustic shadows,5,-2.35516,,0/1,1/0,dichotomy,,,,,,The only strongly protective feature: shadows point AWAY from malignancy.
IOTA ADNEX (five-category adnexal mass classification),iota_adnex,Ovarian cancer,Prediction,age,Patient age,6,0.051239,,years,"age, untransformed and uncentered",identity,,,,25.815,0.11310306568976178,"Enters per YEAR. The paper reports OR 1.67 per DECADE, which is the same thing stated differently and is a common transcription error."
IOTA ADNEX (five-category adnexal mass classification),iota_adnex,Ovarian cancer,Prediction,more_than_10_locules,More than 10 cyst locules,7,0.273692,,0/1,1/0,dichotomy,,,,,,"A threshold indicator, not a count. Strongest for borderline (1.375)."
IOTA ADNEX (five-category adnexal mass classification),iota_adnex,Ovarian cancer,Prediction,papillary_structures,Number of papillary structures,8,0.389874,,count 0-4,"capped count, entered as the number 0-4",identity,,,,40.913,0.17924919150005814,4 means MORE THAN THREE. Passing a raw count above 3 overstates the term.
IOTA ADNEX (five-category adnexal mass classification),iota_adnex,Ovarian cancer,Prediction,oncology_centre,Type of centre,9,0.459021,,0/1,1/0,dichotomy,,,,12.171,0.05332338354613404,"NOT a patient characteristic, it encodes referral filtering. It must match where the scan was actually done; a prediction computed with the wrong value is not interpretable."
Optum EHR LASSO model (3-year lung cancer risk from routine care),optum_lung_lasso,Lung cancer,Prediction,covariates,The OMOP covariate vector (the model's only argument),,,,mapping of covariateId to value,"each value divided by its stored normFactor, then multiplied by its beta; a covariateId the model does not carry contributes nothing",scaling,,,,,,"The normalisation is the trap worth naming. PatientLevelPrediction fitted this with normalize = TRUE, so at predict time it divides every covariate by the maximum seen in training before multiplying by beta. A plain dot product is therefore WRONG in general for a model saved this way. It happens to be right here, and only here, because all 278 surviving covariates are 0/1 indicators whose stored factor is 1, the extraction script asserts that rather than assuming it."
Optum EHR LASSO model (3-year lung cancer risk from routine care),optum_lung_lasso,Lung cancer,Prediction,(intercept),Intercept,,-8.8024,,logit,1,none,,,,,,"A patient with none of the 278 covariates sits at a 3-year risk of 0.015%. That is the floor of the model, and it is also what an EMPTY record scores, the covariate set was built missingMeansZero, so absence and health are indistinguishable to it."
Optum EHR LASSO model (3-year lung cancer risk from routine care),optum_lung_lasso,Lung cancer,Prediction,(analysis 410) drug_era group in the prior year,Term family - drug era groups,,,,indicator,"1 if any drug era in the ATC group in day -365..0, else 0",dichotomy,,,,,,"The largest family by count and the smallest by influence. Thirty-five of the 114 carry |beta| below 0.02 and the smallest is 0.0001, which is the LASSO leaving a long tail in rather than a set of findings."
Optum EHR LASSO model (3-year lung cancer risk from routine care),optum_lung_lasso,Lung cancer,Prediction,(analysis 702) measurement recorded in the prior year,Term family - measurements,,,,indicator,"1 if the measurement was RECORDED in day -365..0, else 0",dichotomy,,,,,,"These encode that a test was done, NOT its result. Nothing in this model reads a value: a sodium level of 120 and one of 140 are the same covariate. That is why the family is best read as health-care utilisation, and why several of its members (screening mammography -0.2266, PSA -0.2154) are really proxies for sex and for being in routine care."
Optum EHR LASSO model (3-year lung cancer risk from routine care),optum_lung_lasso,Lung cancer,Prediction,(analysis 210) condition_era group in the prior year,Term family - condition era groups,,,,indicator,"1 if any condition era in the SNOMED group in day -365..0, else 0",dichotomy,,,,,,"The most clinically legible family. COPD (+0.5853), peripheral vascular disease (+0.4057) and tobacco dependence syndrome (+0.3599) are the three largest, and all three are what a clinician would name."
Optum EHR LASSO model (3-year lung cancer risk from routine care),optum_lung_lasso,Lung cancer,Prediction,(analysis 802) observation in the prior year,Term family - observations,,,,indicator,"1 if the observation exists in day -365..0, else 0",dichotomy,,,,,,"Contains the model's one genuine internal collision. Covariate 40766362802 is the presence of an observation on concept 40766362, and that is the SAME concept the study package's smoking covariate reads its value from. Presence scores -0.7069; the value-derived smoking covariate scores up to +1.5915. Neither number can be read on its own."
Optum EHR LASSO model (3-year lung cancer risk from routine care),optum_lung_lasso,Lung cancer,Prediction,(analysis 502) procedure_occurrence in the prior year,Term family - procedures,,,,indicator,"1 if the procedure occurred in day -365..0, else 0",dichotomy,,,,,,"Every one of the thirteen is small. The largest two are negative coefficients on a routine gynaecologic examination (-0.2906) and a general examination of the patient (-0.1849), the utilisation signal again, with its sign flipped, and in the first case standing in for sex."
Optum EHR LASSO model (3-year lung cancer risk from routine care),optum_lung_lasso,Lung cancer,Prediction,"(analyses 1, 4, 5) demographics","Term family - gender, race, ethnicity",,,,indicator,"1 if the demographic value applies, else 0",dichotomy,,,,,,"Gender = FEMALE was dropped before fitting as redundant, so male is the only sex term and female is the reference. Read the race and ethnicity coefficients as coding and cohort composition in one vendor's EHR, not as biology: both of the two race terms the LASSO kept are positive, which means they are contrasts against everyone not coded either way rather than against each other."
Optum EHR LASSO model (3-year lung cancer risk from routine care),optum_lung_lasso,Lung cancer,Prediction,(3639) current smoker,Smoking status - current,1,1.5915,,indicator,"1 if the last coded smoking observation in day -365..0 says 'Current smoker', else 0",dichotomy,no coded smoking observation at all,,,,,"Defined by the study package's own SQL (R/smoking.R), not by FeatureExtraction: it takes max(smoke_value) over concept 40766362, mapping never=1, previously smoked / not currently smoking=2, current=3, then forms value*1000+639. A patient with NO smoking observation gets none of the three, which is not the same as never-smoker and scores 0.2132 logits higher than one."
Optum EHR LASSO model (3-year lung cancer risk from routine care),optum_lung_lasso,Lung cancer,Prediction,(13003) age group 65-69,Age band 65-69,2,1.3068,,indicator,"1 if floor(age/5) == 13, else 0",banding,"age band 50-54, dropped before fitting as redundant",,,,,"Age enters as five-year bands, never as a number. The development cohort was 45-65, so this band is its top edge and carries the patients closest to it."
Optum EHR LASSO model (3-year lung cancer risk from routine care),optum_lung_lasso,Lung cancer,Prediction,(12003) age group 60-64,Age band 60-64,3,1.0075,,indicator,"1 if floor(age/5) == 12, else 0",banding,"age band 50-54, dropped before fitting as redundant",,,,,"The four surviving bands run -0.6263 (45-49), 0 (50-54, the reference), +0.6120 (55-59), +1.0075 (60-64), +1.3068 (65-69), monotone, which a LASSO given five unordered indicators was under no obligation to produce."
Optum EHR LASSO model (3-year lung cancer risk from routine care),optum_lung_lasso,Lung cancer,Prediction,(3020891702) body temperature measured,Body temperature recorded in the prior year,4,-0.8444,,indicator,"1 if a body-temperature measurement exists in day -365..0, else 0",dichotomy,,,,,,"The fourth-largest coefficient in the model is not a risk factor. It records that somebody took a temperature, which happens at ordinary visits, and it is negative. Together with the positive term below on a temperature OBSERVATION it is the clearest sign that this model is partly fitting one vendor's documentation habits."
Optum EHR LASSO model (3-year lung cancer risk from routine care),optum_lung_lasso,Lung cancer,Prediction,(45771331802) temperature observation,Temperature recorded as an observation in the prior year,5,0.8025,,indicator,"1 if an observation on concept 45771331 exists in day -365..0, else 0",dichotomy,,,,,,"Same clinical fact as the term above, filed in a different OMOP domain, with the opposite sign and almost the same magnitude. Where a temperature lands is an artefact of the source system's mapping, so this pair is a coding contrast, not a physiological one."
Optum EHR LASSO model (3-year lung cancer risk from routine care),optum_lung_lasso,Lung cancer,Prediction,(2639) former smoker,Smoking status - previously smoked,6,0.7172,,indicator,"1 if the last coded smoking observation says 'Previously smoked' or 'Not currently smoking', else 0",dichotomy,no coded smoking observation at all,,,,,"Two source strings collapse into this one level, so 'not currently smoking', which a clinician might read as a current smoker's temporary state, is scored as former."
Optum EHR LASSO model (3-year lung cancer risk from routine care),optum_lung_lasso,Lung cancer,Prediction,(40766362802) smoking status observation present,A smoking-status observation exists in the prior year,7,-0.7069,,indicator,"1 if any observation on concept 40766362 exists in day -365..0, else 0",dichotomy,,,,,,"Fires for the same patients as the smoking covariates above, and pulls the other way. It is the offset for having asked the question at all; the three analysis-639 terms carry the answer."
Optum EHR LASSO model (3-year lung cancer risk from routine care),optum_lung_lasso,Lung cancer,Prediction,(38003564005) ethnicity Not Hispanic or Latino,Ethnicity - not Hispanic or Latino,8,0.6495,,indicator,"1 if ethnicity is coded 'Not Hispanic or Latino', else 0",dichotomy,ethnicity not coded,,,,,"The reference is an unrecorded ethnicity, not the other category, so this is closer to a completeness-of-record term than to an ethnic contrast."
Optum EHR LASSO model (3-year lung cancer risk from routine care),optum_lung_lasso,Lung cancer,Prediction,(8527004) race White,Race - White,9,0.6352,,indicator,"1 if race is coded 'White', else 0",dichotomy,race not coded,,,,,"See the demographics family note. Black or African American is +0.5006 against the same reference, so the two are not opposed."
Optum EHR LASSO model (3-year lung cancer risk from routine care),optum_lung_lasso,Lung cancer,Prediction,(9003) age group 45-49,Age band 45-49,10,-0.6263,,indicator,"1 if floor(age/5) == 9, else 0",banding,"age band 50-54, dropped before fitting as redundant",,,,,"The youngest band in the cohort, and the only negative age term."
Optum EHR LASSO model (3-year lung cancer risk from routine care),optum_lung_lasso,Lung cancer,Prediction,(11003) age group 55-59,Age band 55-59,11,0.612,,indicator,"1 if floor(age/5) == 11, else 0",banding,"age band 50-54, dropped before fitting as redundant",,,,,
Optum EHR LASSO model (3-year lung cancer risk from routine care),optum_lung_lasso,Lung cancer,Prediction,(255573210) COPD condition era,Chronic obstructive lung disease in the prior year,12,0.5853,,indicator,"1 if a condition era in the COPD group exists in day -365..0, else 0",dichotomy,,,,,,"The largest genuinely clinical non-smoking term, and the same predictor PLCOm2012 carries as a yes/no question. Being able to compare the two on this one term is part of why both models are in the library."
Integer risk score for complete tumour regression (Ryan TRG 0) after preoperative chemotherapy in advanced gastric cancer,xu_gastric_trg_score,Gastric cancer,Response,differentiation,Tumour differentiation grade,1,2.005,well 7; poor 0,indicator,well vs poor,dichotomy,poor,"OR 7.426 (2.143-25.725), P 0.002",,7,0.30434782608695654,"The paper states no intermediate level, so a moderately differentiated tumour cannot be scored without a decision the paper does not make. Our implementation raises rather than picking a side."
Integer risk score for complete tumour regression (Ryan TRG 0) after preoperative chemotherapy in advanced gastric cancer,xu_gastric_trg_score,Gastric cancer,Response,lnmax_cm,Short-axis diameter of the largest regional lymph node (MDCT),2,2.073,≥1.535 cm 7; <1.535 cm 0,cm,dichotomised at 1.535 cm,dichotomy,<1.535 cm,"OR 7.945 (2.085-30.279), P 0.002",,7,0.30434782608695654,"THE ONE THAT WILL BE READ BACKWARDS. A LARGER node scores toward complete regression. This is the paper's direction, not a transcription error: Table 3 indexes the "">="" level, Table 4 gives it the 7 points, and the Discussion calls it a novel finding and offers a speculative immunological mechanism. It is also a single-cohort result resting on 20 events, and the first thing to check if the model fails to transport."
Integer risk score for complete tumour regression (Ryan TRG 0) after preoperative chemotherapy in advanced gastric cancer,xu_gastric_trg_score,Gastric cancer,Response,ca19_9_u_ml,CA 19-9,3,1.725,≤10.90 U/mL 5; >10.90 0,U/mL,"dichotomised at 10.90 U/mL, LOW scores",dichotomy,>10.90 U/mL,"OR 5.615 (1.272-24.782), P 0.023",,5,0.21739130434782608,Pretreatment draw. About 5-10% of people are Lewis-antigen negative and cannot express CA 19-9 at all; they score these 5 points for a reason unrelated to their tumour.
Integer risk score for complete tumour regression (Ryan TRG 0) after preoperative chemotherapy in advanced gastric cancer,xu_gastric_trg_score,Gastric cancer,Response,ca72_4_u_ml,CA 72-4,4,1.511,≤3.19 U/mL 4; >3.19 0,U/mL,"dichotomised at 3.19 U/mL, LOW scores",dichotomy,>3.19 U/mL,"OR 4.531 (1.167-17.589), P 0.029",,4,0.17391304347826086,"The smallest weight, and the input least likely to exist outside East Asian practice. Its odds ratio over its points, 4.531/4 = 1.13275, is the divisor that reproduces all four point values from the four odds ratios."
